implementation,execution_mode,compile_backend,compile_fullgraph,gpu,gpu_memory_gib,torch_version,cuda_version,dtype,tf32,batch_size,seq_len,dim,causal,seed,warmup,iterations,status,failure_phase,failure_iteration,forward_samples,backward_samples,forward_mean_ms,forward_std_ms,backward_mean_ms,backward_std_ms,baseline_allocated_mib,before_backward_allocated_mib,memory_source,memory_samples,forward_live_extra_mib,error,child_returncode
cs336_basics.model.scaled_dot_product_attention,compiled,inductor,True,NVIDIA RTX PRO 6000 Blackwell Server Edition,94.97076416015625,2.11.0+cu128,12.8,float32,False,8,256,16,False,42,10,100,OK,,,100,100,0.15968181192874908,0.011315878364478227,0.17761453986167908,0.011251479504941625,0.5,20.90625,measurement,100,20.40625,,0
cs336_basics.model.scaled_dot_product_attention,compiled,inductor,True,NVIDIA RTX PRO 6000 Blackwell Server Edition,94.97076416015625,2.11.0+cu128,12.8,float32,False,8,1024,16,False,42,10,100,OK,,,100,100,0.16740914434194565,0.014689043704615224,0.29824160039424896,0.15330318336243892,2.0,82.875,measurement,100,80.875,,0
cs336_basics.model.scaled_dot_product_attention,compiled,inductor,True,NVIDIA RTX PRO 6000 Blackwell Server Edition,94.97076416015625,2.11.0+cu128,12.8,float32,False,8,4096,16,False,42,10,100,OK,,,100,100,1.700853705406189,0.06544906083089691,4.595929346978664,0.046345522451635444,8.0,1050.75,measurement,100,1042.75,,0
cs336_basics.model.scaled_dot_product_attention,compiled,inductor,True,NVIDIA RTX PRO 6000 Blackwell Server Edition,94.97076416015625,2.11.0+cu128,12.8,float32,False,8,8192,16,False,42,10,100,OK,,,100,100,6.157728172838688,0.036579930753318085,18.001695834100246,0.08569338924536961,16.0,4133.25,measurement,100,4117.25,,0
cs336_basics.model.scaled_dot_product_attention,compiled,inductor,True,NVIDIA RTX PRO 6000 Blackwell Server Edition,94.97076416015625,2.11.0+cu128,12.8,float32,False,8,16384,16,False,42,10,100,OK,,,100,100,23.2731045037508,0.0704195291378887,69.11297731101513,0.14530094007006253,32.0,16442.25,measurement,100,16410.25,,0
cs336_basics.model.scaled_dot_product_attention,compiled,inductor,True,NVIDIA RTX PRO 6000 Blackwell Server Edition,94.97076416015625,2.11.0+cu128,12.8,float32,False,8,256,32,False,42,10,100,OK,,,100,100,0.16325943171977997,0.016974120823493317,0.18214736133813858,0.009996342610489962,1.0,21.53125,measurement,100,20.53125,,0
cs336_basics.model.scaled_dot_product_attention,compiled,inductor,True,NVIDIA RTX PRO 6000 Blackwell Server Edition,94.97076416015625,2.11.0+cu128,12.8,float32,False,8,1024,32,False,42,10,100,OK,,,100,100,0.1762404665350914,0.01622101719224539,0.29482241719961166,0.00638397448192903,4.0,85.375,measurement,100,81.375,,0
cs336_basics.model.scaled_dot_product_attention,compiled,inductor,True,NVIDIA RTX PRO 6000 Blackwell Server Edition,94.97076416015625,2.11.0+cu128,12.8,float32,False,8,4096,32,False,42,10,100,OK,,,100,100,1.663600243628025,0.017695507295658528,4.583335071802139,0.0316442358975865,16.0,1060.75,measurement,100,1044.75,,0
cs336_basics.model.scaled_dot_product_attention,compiled,inductor,True,NVIDIA RTX PRO 6000 Blackwell Server Edition,94.97076416015625,2.11.0+cu128,12.8,float32,False,8,8192,32,False,42,10,100,OK,,,100,100,6.183537319302559,0.0863520230446525,18.016121201217175,0.20096816899968215,32.0,4153.25,measurement,100,4121.25,,0
cs336_basics.model.scaled_dot_product_attention,compiled,inductor,True,NVIDIA RTX PRO 6000 Blackwell Server Edition,94.97076416015625,2.11.0+cu128,12.8,float32,False,8,16384,32,False,42,10,100,OK,,,100,100,23.416267447173595,0.0635166656727847,69.36402585357428,0.1218814773529204,64.0,16482.25,measurement,100,16418.25,,0
cs336_basics.model.scaled_dot_product_attention,compiled,inductor,True,NVIDIA RTX PRO 6000 Blackwell Server Edition,94.97076416015625,2.11.0+cu128,12.8,float32,False,8,256,64,False,42,10,100,OK,,,100,100,0.16325145959854126,0.019012850803057185,0.17941579222679138,0.01216663092405929,2.0,22.78125,measurement,100,20.78125,,0
cs336_basics.model.scaled_dot_product_attention,compiled,inductor,True,NVIDIA RTX PRO 6000 Blackwell Server Edition,94.97076416015625,2.11.0+cu128,12.8,float32,False,8,1024,64,False,42,10,100,OK,,,100,100,0.18298283219337463,0.013526921990001802,0.3093993663787842,0.010833212136086841,8.0,90.375,measurement,100,82.375,,0
cs336_basics.model.scaled_dot_product_attention,compiled,inductor,True,NVIDIA RTX PRO 6000 Blackwell Server Edition,94.97076416015625,2.11.0+cu128,12.8,float32,False,8,4096,64,False,42,10,100,OK,,,100,100,1.8439188227057457,0.057865181012128494,4.785894379019737,0.0463145428379975,32.0,1080.75,measurement,100,1048.75,,0
cs336_basics.model.scaled_dot_product_attention,compiled,inductor,True,NVIDIA RTX PRO 6000 Blackwell Server Edition,94.97076416015625,2.11.0+cu128,12.8,float32,False,8,8192,64,False,42,10,100,OK,,,100,100,6.627942770719528,0.042461891378598494,18.702269457280636,0.06064384084082732,64.0,4193.25,measurement,100,4129.25,,0
cs336_basics.model.scaled_dot_product_attention,compiled,inductor,True,NVIDIA RTX PRO 6000 Blackwell Server Edition,94.97076416015625,2.11.0+cu128,12.8,float32,False,8,16384,64,False,42,10,100,OK,,,100,100,25.379908084869385,0.08497514163208789,71.54266089200974,0.1547786570220794,128.0,16562.25,measurement,100,16434.25,,0
cs336_basics.model.scaled_dot_product_attention,compiled,inductor,True,NVIDIA RTX PRO 6000 Blackwell Server Edition,94.97076416015625,2.11.0+cu128,12.8,float32,False,8,256,128,False,42,10,100,OK,,,100,100,0.1645907387137413,0.01750460535082157,0.18550027161836624,0.013459104895968646,4.0,25.28125,measurement,100,21.28125,,0
cs336_basics.model.scaled_dot_product_attention,compiled,inductor,True,NVIDIA RTX PRO 6000 Blackwell Server Edition,94.97076416015625,2.11.0+cu128,12.8,float32,False,8,1024,128,False,42,10,100,OK,,,100,100,0.2481323853135109,0.011380989711383592,0.4505831375718117,0.005337299439451385,16.0,100.375,measurement,100,84.375,,0
cs336_basics.model.scaled_dot_product_attention,compiled,inductor,True,NVIDIA RTX PRO 6000 Blackwell Server Edition,94.97076416015625,2.11.0+cu128,12.8,float32,False,8,4096,128,False,42,10,100,OK,,,100,100,2.864503636956215,0.032138026672174295,6.788167543709278,0.21522845204714086,64.0,1120.75,measurement,100,1056.75,,0
cs336_basics.model.scaled_dot_product_attention,compiled,inductor,True,NVIDIA RTX PRO 6000 Blackwell Server Edition,94.97076416015625,2.11.0+cu128,12.8,float32,False,8,8192,128,False,42,10,100,OK,,,100,100,10.65131165087223,0.06793272861610854,24.998261146247387,0.21186199553558124,128.0,4273.25,measurement,100,4145.25,,0
cs336_basics.model.scaled_dot_product_attention,compiled,inductor,True,NVIDIA RTX PRO 6000 Blackwell Server Edition,94.97076416015625,2.11.0+cu128,12.8,float32,False,8,16384,128,False,42,10,100,OK,,,100,100,41.865715980529785,0.11534467269049123,98.5497746616602,0.18431742801245315,256.0,16722.25,measurement,100,16466.25,,0
