implementation,forward_implementation,backward_implementation,gpu,gpu_memory_gib,torch_version,cuda_version,triton_version,batch_size,seq_len,dim,dtype,causal,tf32_matmul,seed,warmup_steps,warmup_ms,rep_ms,timing_method,backward_method,status,failure_phase,forward_status,backward_status,forward_backward_status,forward_ms,backward_ms,forward_backward_ms,error,child_returncode
pytorch,cs336_basics.model.scaled_dot_product_attention,torch_autograd,NVIDIA RTX PRO 6000 Blackwell Server Edition,94.97076416015625,2.11.0+cu128,12.8,3.6.0,1,128,16,bfloat16,True,False,42,5,25.0,100.0,triton.testing.do_bench_mean_ms,single_retained_graph; reset_input_grads_each_call,OK,,OK,OK,OK,0.03927356001955491,0.13448606900356966,0.48787247180351484,,0
flash,cs336_systems.flash_attention.FlashAttentionTriton,compiled_pytorch_recomputation,NVIDIA RTX PRO 6000 Blackwell Server Edition,94.97076416015625,2.11.0+cu128,12.8,3.6.0,1,128,16,bfloat16,True,False,42,5,25.0,100.0,triton.testing.do_bench_mean_ms,single_retained_graph; reset_input_grads_each_call,OK,,OK,OK,OK,0.010675333304485926,0.06789670378600736,0.3746325744717729,,0
pytorch,cs336_basics.model.scaled_dot_product_attention,torch_autograd,NVIDIA RTX PRO 6000 Blackwell Server Edition,94.97076416015625,2.11.0+cu128,12.8,3.6.0,1,256,16,bfloat16,True,False,42,5,25.0,100.0,triton.testing.do_bench_mean_ms,single_retained_graph; reset_input_grads_each_call,OK,,OK,OK,OK,0.03871422438178121,0.1360539380070508,0.3250558394104687,,0
flash,cs336_systems.flash_attention.FlashAttentionTriton,compiled_pytorch_recomputation,NVIDIA RTX PRO 6000 Blackwell Server Edition,94.97076416015625,2.11.0+cu128,12.8,3.6.0,1,256,16,bfloat16,True,False,42,5,25.0,100.0,triton.testing.do_bench_mean_ms,single_retained_graph; reset_input_grads_each_call,OK,,OK,OK,OK,0.011789000171120279,0.16576127650646064,0.2878647017243661,,0
pytorch,cs336_basics.model.scaled_dot_product_attention,torch_autograd,NVIDIA RTX PRO 6000 Blackwell Server Edition,94.97076416015625,2.11.0+cu128,12.8,3.6.0,1,512,16,bfloat16,True,False,42,5,25.0,100.0,triton.testing.do_bench_mean_ms,single_retained_graph; reset_input_grads_each_call,OK,,OK,OK,OK,0.04372609781843799,0.133602581939711,0.32593942766210865,,0
flash,cs336_systems.flash_attention.FlashAttentionTriton,compiled_pytorch_recomputation,NVIDIA RTX PRO 6000 Blackwell Server Edition,94.97076416015625,2.11.0+cu128,12.8,3.6.0,1,512,16,bfloat16,True,False,42,5,25.0,100.0,triton.testing.do_bench_mean_ms,single_retained_graph; reset_input_grads_each_call,OK,,OK,OK,OK,0.017466322759226445,0.07145154419579083,0.15336789900460576,,0
pytorch,cs336_basics.model.scaled_dot_product_attention,torch_autograd,NVIDIA RTX PRO 6000 Blackwell Server Edition,94.97076416015625,2.11.0+cu128,12.8,3.6.0,1,1024,16,bfloat16,True,False,42,5,25.0,100.0,triton.testing.do_bench_mean_ms,single_retained_graph; reset_input_grads_each_call,OK,,OK,OK,OK,0.05547188214170552,0.1354380560069812,0.32964723070080465,,0
flash,cs336_systems.flash_attention.FlashAttentionTriton,compiled_pytorch_recomputation,NVIDIA RTX PRO 6000 Blackwell Server Edition,94.97076416015625,2.11.0+cu128,12.8,3.6.0,1,1024,16,bfloat16,True,False,42,5,25.0,100.0,triton.testing.do_bench_mean_ms,single_retained_graph; reset_input_grads_each_call,OK,,OK,OK,OK,0.02838400000649871,0.15272065767482534,0.24025745475382515,,0
pytorch,cs336_basics.model.scaled_dot_product_attention,torch_autograd,NVIDIA RTX PRO 6000 Blackwell Server Edition,94.97076416015625,2.11.0+cu128,12.8,3.6.0,1,2048,16,bfloat16,True,False,42,5,25.0,100.0,triton.testing.do_bench_mean_ms,single_retained_graph; reset_input_grads_each_call,OK,,OK,OK,OK,0.10060845482671125,0.2289491617871869,0.3256947444934471,,0
flash,cs336_systems.flash_attention.FlashAttentionTriton,compiled_pytorch_recomputation,NVIDIA RTX PRO 6000 Blackwell Server Edition,94.97076416015625,2.11.0+cu128,12.8,3.6.0,1,2048,16,bfloat16,True,False,42,5,25.0,100.0,triton.testing.do_bench_mean_ms,single_retained_graph; reset_input_grads_each_call,OK,,OK,OK,OK,0.05083498314528142,0.10536125604628893,0.17546536555377448,,0
pytorch,cs336_basics.model.scaled_dot_product_attention,torch_autograd,NVIDIA RTX PRO 6000 Blackwell Server Edition,94.97076416015625,2.11.0+cu128,12.8,3.6.0,1,4096,16,bfloat16,True,False,42,5,25.0,100.0,triton.testing.do_bench_mean_ms,single_retained_graph; reset_input_grads_each_call,OK,,OK,OK,OK,0.23498547303676606,0.5701043688333951,0.7531618898565119,,0
flash,cs336_systems.flash_attention.FlashAttentionTriton,compiled_pytorch_recomputation,NVIDIA RTX PRO 6000 Blackwell Server Edition,94.97076416015625,2.11.0+cu128,12.8,3.6.0,1,4096,16,bfloat16,True,False,42,5,25.0,100.0,triton.testing.do_bench_mean_ms,single_retained_graph; reset_input_grads_each_call,OK,,OK,OK,OK,0.09570425953115186,0.3801436574852213,0.4641747701053436,,0
pytorch,cs336_basics.model.scaled_dot_product_attention,torch_autograd,NVIDIA RTX PRO 6000 Blackwell Server Edition,94.97076416015625,2.11.0+cu128,12.8,3.6.0,1,8192,16,bfloat16,True,False,42,5,25.0,100.0,triton.testing.do_bench_mean_ms,single_retained_graph; reset_input_grads_each_call,OK,,OK,OK,OK,1.3545890793655857,3.0994495868682863,4.344335989518599,,0
flash,cs336_systems.flash_attention.FlashAttentionTriton,compiled_pytorch_recomputation,NVIDIA RTX PRO 6000 Blackwell Server Edition,94.97076416015625,2.11.0+cu128,12.8,3.6.0,1,8192,16,bfloat16,True,False,42,5,25.0,100.0,triton.testing.do_bench_mean_ms,single_retained_graph; reset_input_grads_each_call,OK,,OK,OK,OK,0.20455714155520713,1.7010916884128864,1.882390670478344,,0
pytorch,cs336_basics.model.scaled_dot_product_attention,torch_autograd,NVIDIA RTX PRO 6000 Blackwell Server Edition,94.97076416015625,2.11.0+cu128,12.8,3.6.0,1,16384,16,bfloat16,True,False,42,5,25.0,100.0,triton.testing.do_bench_mean_ms,single_retained_graph; reset_input_grads_each_call,OK,,OK,OK,OK,5.525144492878633,12.247448086738586,17.692716979980467,,0
flash,cs336_systems.flash_attention.FlashAttentionTriton,compiled_pytorch_recomputation,NVIDIA RTX PRO 6000 Blackwell Server Edition,94.97076416015625,2.11.0+cu128,12.8,3.6.0,1,16384,16,bfloat16,True,False,42,5,25.0,100.0,triton.testing.do_bench_mean_ms,single_retained_graph; reset_input_grads_each_call,OK,,OK,OK,OK,0.66293637241636,6.640344619750977,7.281215997842642,,0
pytorch,cs336_basics.model.scaled_dot_product_attention,torch_autograd,NVIDIA RTX PRO 6000 Blackwell Server Edition,94.97076416015625,2.11.0+cu128,12.8,3.6.0,1,32768,16,bfloat16,True,False,42,5,25.0,100.0,triton.testing.do_bench_mean_ms,single_retained_graph; reset_input_grads_each_call,OK,,OK,OK,OK,21.67908000946045,48.337087631225586,69.85379028320312,,0
flash,cs336_systems.flash_attention.FlashAttentionTriton,compiled_pytorch_recomputation,NVIDIA RTX PRO 6000 Blackwell Server Edition,94.97076416015625,2.11.0+cu128,12.8,3.6.0,1,32768,16,bfloat16,True,False,42,5,25.0,100.0,triton.testing.do_bench_mean_ms,single_retained_graph; reset_input_grads_each_call,OK,,OK,OK,OK,2.3278440038363137,26.221472422281902,28.496768315633137,,0
pytorch,cs336_basics.model.scaled_dot_product_attention,torch_autograd,NVIDIA RTX PRO 6000 Blackwell Server Edition,94.97076416015625,2.11.0+cu128,12.8,3.6.0,1,65536,16,bfloat16,True,False,42,5,25.0,100.0,triton.testing.do_bench_mean_ms,single_retained_graph; reset_input_grads_each_call,OK,,OK,OK,OK,86.27302551269531,192.61187744140625,278.561279296875,,0
flash,cs336_systems.flash_attention.FlashAttentionTriton,compiled_pytorch_recomputation,NVIDIA RTX PRO 6000 Blackwell Server Edition,94.97076416015625,2.11.0+cu128,12.8,3.6.0,1,65536,16,bfloat16,True,False,42,5,25.0,100.0,triton.testing.do_bench_mean_ms,single_retained_graph; reset_input_grads_each_call,OK,,OK,OK,OK,8.227840042114257,103.3881607055664,111.54534149169922,,0
pytorch,cs336_basics.model.scaled_dot_product_attention,torch_autograd,NVIDIA RTX PRO 6000 Blackwell Server Edition,94.97076416015625,2.11.0+cu128,12.8,3.6.0,1,128,32,bfloat16,True,False,42,5,25.0,100.0,triton.testing.do_bench_mean_ms,single_retained_graph; reset_input_grads_each_call,OK,,OK,OK,OK,0.03933009546559764,0.12248703994534232,0.3246529518138795,,0
flash,cs336_systems.flash_attention.FlashAttentionTriton,compiled_pytorch_recomputation,NVIDIA RTX PRO 6000 Blackwell Server Edition,94.97076416015625,2.11.0+cu128,12.8,3.6.0,1,128,32,bfloat16,True,False,42,5,25.0,100.0,triton.testing.do_bench_mean_ms,single_retained_graph; reset_input_grads_each_call,OK,,OK,OK,OK,0.010312615249019403,0.06226618939539051,0.14280433537017914,,0
pytorch,cs336_basics.model.scaled_dot_product_attention,torch_autograd,NVIDIA RTX PRO 6000 Blackwell Server Edition,94.97076416015625,2.11.0+cu128,12.8,3.6.0,1,256,32,bfloat16,True,False,42,5,25.0,100.0,triton.testing.do_bench_mean_ms,single_retained_graph; reset_input_grads_each_call,OK,,OK,OK,OK,0.038203071331840824,0.12247728726546245,0.3024102691994157,,0
flash,cs336_systems.flash_attention.FlashAttentionTriton,compiled_pytorch_recomputation,NVIDIA RTX PRO 6000 Blackwell Server Edition,94.97076416015625,2.11.0+cu128,12.8,3.6.0,1,256,32,bfloat16,True,False,42,5,25.0,100.0,triton.testing.do_bench_mean_ms,single_retained_graph; reset_input_grads_each_call,OK,,OK,OK,OK,0.014199742116034031,0.17465918916023046,0.25614474229671785,,0
pytorch,cs336_basics.model.scaled_dot_product_attention,torch_autograd,NVIDIA RTX PRO 6000 Blackwell Server Edition,94.97076416015625,2.11.0+cu128,12.8,3.6.0,1,512,32,bfloat16,True,False,42,5,25.0,100.0,triton.testing.do_bench_mean_ms,single_retained_graph; reset_input_grads_each_call,OK,,OK,OK,OK,0.04353091578547642,0.11346944019198418,0.3324115323322313,,0
flash,cs336_systems.flash_attention.FlashAttentionTriton,compiled_pytorch_recomputation,NVIDIA RTX PRO 6000 Blackwell Server Edition,94.97076416015625,2.11.0+cu128,12.8,3.6.0,1,512,32,bfloat16,True,False,42,5,25.0,100.0,triton.testing.do_bench_mean_ms,single_retained_graph; reset_input_grads_each_call,OK,,OK,OK,OK,0.022183225790579474,0.16045521312683333,0.25163611028689503,,0
pytorch,cs336_basics.model.scaled_dot_product_attention,torch_autograd,NVIDIA RTX PRO 6000 Blackwell Server Edition,94.97076416015625,2.11.0+cu128,12.8,3.6.0,1,1024,32,bfloat16,True,False,42,5,25.0,100.0,triton.testing.do_bench_mean_ms,single_retained_graph; reset_input_grads_each_call,OK,,OK,OK,OK,0.08321084405220515,0.1382787616568662,0.322320372420688,,0
flash,cs336_systems.flash_attention.FlashAttentionTriton,compiled_pytorch_recomputation,NVIDIA RTX PRO 6000 Blackwell Server Edition,94.97076416015625,2.11.0+cu128,12.8,3.6.0,1,1024,32,bfloat16,True,False,42,5,25.0,100.0,triton.testing.do_bench_mean_ms,single_retained_graph; reset_input_grads_each_call,OK,,OK,OK,OK,0.0377455486525451,0.24886484233368383,0.27128813777651106,,0
pytorch,cs336_basics.model.scaled_dot_product_attention,torch_autograd,NVIDIA RTX PRO 6000 Blackwell Server Edition,94.97076416015625,2.11.0+cu128,12.8,3.6.0,1,2048,32,bfloat16,True,False,42,5,25.0,100.0,triton.testing.do_bench_mean_ms,single_retained_graph; reset_input_grads_each_call,OK,,OK,OK,OK,0.10062842783454347,0.1823588369354125,0.33331120751871923,,0
flash,cs336_systems.flash_attention.FlashAttentionTriton,compiled_pytorch_recomputation,NVIDIA RTX PRO 6000 Blackwell Server Edition,94.97076416015625,2.11.0+cu128,12.8,3.6.0,1,2048,32,bfloat16,True,False,42,5,25.0,100.0,triton.testing.do_bench_mean_ms,single_retained_graph; reset_input_grads_each_call,OK,,OK,OK,OK,0.06874986700713634,0.12974536325364905,0.24905587475673824,,0
pytorch,cs336_basics.model.scaled_dot_product_attention,torch_autograd,NVIDIA RTX PRO 6000 Blackwell Server Edition,94.97076416015625,2.11.0+cu128,12.8,3.6.0,1,4096,32,bfloat16,True,False,42,5,25.0,100.0,triton.testing.do_bench_mean_ms,single_retained_graph; reset_input_grads_each_call,OK,,OK,OK,OK,0.23570210543502287,0.5538506117936607,0.7522591214354445,,0
flash,cs336_systems.flash_attention.FlashAttentionTriton,compiled_pytorch_recomputation,NVIDIA RTX PRO 6000 Blackwell Server Edition,94.97076416015625,2.11.0+cu128,12.8,3.6.0,1,4096,32,bfloat16,True,False,42,5,25.0,100.0,triton.testing.do_bench_mean_ms,single_retained_graph; reset_input_grads_each_call,OK,,OK,OK,OK,0.13230044505110494,0.3833100122374457,0.5109637103333379,,0
pytorch,cs336_basics.model.scaled_dot_product_attention,torch_autograd,NVIDIA RTX PRO 6000 Blackwell Server Edition,94.97076416015625,2.11.0+cu128,12.8,3.6.0,1,8192,32,bfloat16,True,False,42,5,25.0,100.0,triton.testing.do_bench_mean_ms,single_retained_graph; reset_input_grads_each_call,OK,,OK,OK,OK,1.3547209699948628,3.094325311978658,4.341210235248912,,0
flash,cs336_systems.flash_attention.FlashAttentionTriton,compiled_pytorch_recomputation,NVIDIA RTX PRO 6000 Blackwell Server Edition,94.97076416015625,2.11.0+cu128,12.8,3.6.0,1,8192,32,bfloat16,True,False,42,5,25.0,100.0,triton.testing.do_bench_mean_ms,single_retained_graph; reset_input_grads_each_call,OK,,OK,OK,OK,0.2924271000891316,1.724017987648646,2.006200181113349,,0
pytorch,cs336_basics.model.scaled_dot_product_attention,torch_autograd,NVIDIA RTX PRO 6000 Blackwell Server Edition,94.97076416015625,2.11.0+cu128,12.8,3.6.0,1,16384,32,bfloat16,True,False,42,5,25.0,100.0,triton.testing.do_bench_mean_ms,single_retained_graph; reset_input_grads_each_call,OK,,OK,OK,OK,5.522422594182632,12.26145613193512,17.720480346679686,,0
flash,cs336_systems.flash_attention.FlashAttentionTriton,compiled_pytorch_recomputation,NVIDIA RTX PRO 6000 Blackwell Server Edition,94.97076416015625,2.11.0+cu128,12.8,3.6.0,1,16384,32,bfloat16,True,False,42,5,25.0,100.0,triton.testing.do_bench_mean_ms,single_retained_graph; reset_input_grads_each_call,OK,,OK,OK,OK,1.069243570168813,6.6381851605006625,7.640442728996277,,0
pytorch,cs336_basics.model.scaled_dot_product_attention,torch_autograd,NVIDIA RTX PRO 6000 Blackwell Server Edition,94.97076416015625,2.11.0+cu128,12.8,3.6.0,1,32768,32,bfloat16,True,False,42,5,25.0,100.0,triton.testing.do_bench_mean_ms,single_retained_graph; reset_input_grads_each_call,OK,,OK,OK,OK,21.713616371154785,48.27828788757324,69.81068420410156,,0
flash,cs336_systems.flash_attention.FlashAttentionTriton,compiled_pytorch_recomputation,NVIDIA RTX PRO 6000 Blackwell Server Edition,94.97076416015625,2.11.0+cu128,12.8,3.6.0,1,32768,32,bfloat16,True,False,42,5,25.0,100.0,triton.testing.do_bench_mean_ms,single_retained_graph; reset_input_grads_each_call,OK,,OK,OK,OK,3.5884728299246893,26.277738571166992,29.861076990763348,,0
pytorch,cs336_basics.model.scaled_dot_product_attention,torch_autograd,NVIDIA RTX PRO 6000 Blackwell Server Edition,94.97076416015625,2.11.0+cu128,12.8,3.6.0,1,65536,32,bfloat16,True,False,42,5,25.0,100.0,triton.testing.do_bench_mean_ms,single_retained_graph; reset_input_grads_each_call,OK,,OK,OK,OK,86.21772766113281,192.39669799804688,278.4465026855469,,0
flash,cs336_systems.flash_attention.FlashAttentionTriton,compiled_pytorch_recomputation,NVIDIA RTX PRO 6000 Blackwell Server Edition,94.97076416015625,2.11.0+cu128,12.8,3.6.0,1,65536,32,bfloat16,True,False,42,5,25.0,100.0,triton.testing.do_bench_mean_ms,single_retained_graph; reset_input_grads_each_call,OK,,OK,OK,OK,14.012928009033203,104.74905395507812,118.71743774414062,,0
pytorch,cs336_basics.model.scaled_dot_product_attention,torch_autograd,NVIDIA RTX PRO 6000 Blackwell Server Edition,94.97076416015625,2.11.0+cu128,12.8,3.6.0,1,128,64,bfloat16,True,False,42,5,25.0,100.0,triton.testing.do_bench_mean_ms,single_retained_graph; reset_input_grads_each_call,OK,,OK,OK,OK,0.03974574653630517,0.11906766783732635,0.31916861651608575,,0
flash,cs336_systems.flash_attention.FlashAttentionTriton,compiled_pytorch_recomputation,NVIDIA RTX PRO 6000 Blackwell Server Edition,94.97076416015625,2.11.0+cu128,12.8,3.6.0,1,128,64,bfloat16,True,False,42,5,25.0,100.0,triton.testing.do_bench_mean_ms,single_retained_graph; reset_input_grads_each_call,OK,,OK,OK,OK,0.01121940427122915,0.06385546413838197,0.13957510564442488,,0
pytorch,cs336_basics.model.scaled_dot_product_attention,torch_autograd,NVIDIA RTX PRO 6000 Blackwell Server Edition,94.97076416015625,2.11.0+cu128,12.8,3.6.0,1,256,64,bfloat16,True,False,42,5,25.0,100.0,triton.testing.do_bench_mean_ms,single_retained_graph; reset_input_grads_each_call,OK,,OK,OK,OK,0.03969885400133513,0.09580108801523844,0.2776849567890167,,0
flash,cs336_systems.flash_attention.FlashAttentionTriton,compiled_pytorch_recomputation,NVIDIA RTX PRO 6000 Blackwell Server Edition,94.97076416015625,2.11.0+cu128,12.8,3.6.0,1,256,64,bfloat16,True,False,42,5,25.0,100.0,triton.testing.do_bench_mean_ms,single_retained_graph; reset_input_grads_each_call,OK,,OK,OK,OK,0.015105066774412989,0.10138057138906474,0.2103626477176493,,0
pytorch,cs336_basics.model.scaled_dot_product_attention,torch_autograd,NVIDIA RTX PRO 6000 Blackwell Server Edition,94.97076416015625,2.11.0+cu128,12.8,3.6.0,1,512,64,bfloat16,True,False,42,5,25.0,100.0,triton.testing.do_bench_mean_ms,single_retained_graph; reset_input_grads_each_call,OK,,OK,OK,OK,0.04581982990223649,0.11717447971016907,0.3156452172476312,,0
flash,cs336_systems.flash_attention.FlashAttentionTriton,compiled_pytorch_recomputation,NVIDIA RTX PRO 6000 Blackwell Server Edition,94.97076416015625,2.11.0+cu128,12.8,3.6.0,1,512,64,bfloat16,True,False,42,5,25.0,100.0,triton.testing.do_bench_mean_ms,single_retained_graph; reset_input_grads_each_call,OK,,OK,OK,OK,0.023518933417896428,0.1274192360847184,0.21968169094256634,,0
pytorch,cs336_basics.model.scaled_dot_product_attention,torch_autograd,NVIDIA RTX PRO 6000 Blackwell Server Edition,94.97076416015625,2.11.0+cu128,12.8,3.6.0,1,1024,64,bfloat16,True,False,42,5,25.0,100.0,triton.testing.do_bench_mean_ms,single_retained_graph; reset_input_grads_each_call,OK,,OK,OK,OK,0.057710624663777084,0.15528797524355514,0.3269031445667582,,0
flash,cs336_systems.flash_attention.FlashAttentionTriton,compiled_pytorch_recomputation,NVIDIA RTX PRO 6000 Blackwell Server Edition,94.97076416015625,2.11.0+cu128,12.8,3.6.0,1,1024,64,bfloat16,True,False,42,5,25.0,100.0,triton.testing.do_bench_mean_ms,single_retained_graph; reset_input_grads_each_call,OK,,OK,OK,OK,0.040359225003950054,0.14822969550549672,0.3323822428782781,,0
pytorch,cs336_basics.model.scaled_dot_product_attention,torch_autograd,NVIDIA RTX PRO 6000 Blackwell Server Edition,94.97076416015625,2.11.0+cu128,12.8,3.6.0,1,2048,64,bfloat16,True,False,42,5,25.0,100.0,triton.testing.do_bench_mean_ms,single_retained_graph; reset_input_grads_each_call,OK,,OK,OK,OK,0.10727248370905088,0.5535160015026729,0.7662935632726421,,0
flash,cs336_systems.flash_attention.FlashAttentionTriton,compiled_pytorch_recomputation,NVIDIA RTX PRO 6000 Blackwell Server Edition,94.97076416015625,2.11.0+cu128,12.8,3.6.0,1,2048,64,bfloat16,True,False,42,5,25.0,100.0,triton.testing.do_bench_mean_ms,single_retained_graph; reset_input_grads_each_call,OK,,OK,OK,OK,0.07471200202902158,0.14130428161691216,0.2876512468725011,,0
pytorch,cs336_basics.model.scaled_dot_product_attention,torch_autograd,NVIDIA RTX PRO 6000 Blackwell Server Edition,94.97076416015625,2.11.0+cu128,12.8,3.6.0,1,4096,64,bfloat16,True,False,42,5,25.0,100.0,triton.testing.do_bench_mean_ms,single_retained_graph; reset_input_grads_each_call,OK,,OK,OK,OK,0.24586635506499357,0.5819278148215586,0.7724384602445823,,0
flash,cs336_systems.flash_attention.FlashAttentionTriton,compiled_pytorch_recomputation,NVIDIA RTX PRO 6000 Blackwell Server Edition,94.97076416015625,2.11.0+cu128,12.8,3.6.0,1,4096,64,bfloat16,True,False,42,5,25.0,100.0,triton.testing.do_bench_mean_ms,single_retained_graph; reset_input_grads_each_call,OK,,OK,OK,OK,0.1430819322322977,0.48851117931115323,0.6301207734692481,,0
pytorch,cs336_basics.model.scaled_dot_product_attention,torch_autograd,NVIDIA RTX PRO 6000 Blackwell Server Edition,94.97076416015625,2.11.0+cu128,12.8,3.6.0,1,8192,64,bfloat16,True,False,42,5,25.0,100.0,triton.testing.do_bench_mean_ms,single_retained_graph; reset_input_grads_each_call,OK,,OK,OK,OK,1.3622134190339308,3.1672085523605347,4.432592687152681,,0
flash,cs336_systems.flash_attention.FlashAttentionTriton,compiled_pytorch_recomputation,NVIDIA RTX PRO 6000 Blackwell Server Edition,94.97076416015625,2.11.0+cu128,12.8,3.6.0,1,8192,64,bfloat16,True,False,42,5,25.0,100.0,triton.testing.do_bench_mean_ms,single_retained_graph; reset_input_grads_each_call,OK,,OK,OK,OK,0.32993192240303637,1.7893740844726562,2.0786232948303223,,0
pytorch,cs336_basics.model.scaled_dot_product_attention,torch_autograd,NVIDIA RTX PRO 6000 Blackwell Server Edition,94.97076416015625,2.11.0+cu128,12.8,3.6.0,1,16384,64,bfloat16,True,False,42,5,25.0,100.0,triton.testing.do_bench_mean_ms,single_retained_graph; reset_input_grads_each_call,OK,,OK,OK,OK,5.526955296011532,12.274027824401855,17.72366714477539,,0
flash,cs336_systems.flash_attention.FlashAttentionTriton,compiled_pytorch_recomputation,NVIDIA RTX PRO 6000 Blackwell Server Edition,94.97076416015625,2.11.0+cu128,12.8,3.6.0,1,16384,64,bfloat16,True,False,42,5,25.0,100.0,triton.testing.do_bench_mean_ms,single_retained_graph; reset_input_grads_each_call,OK,,OK,OK,OK,1.1879835367202758,6.733078820364816,7.848429401715596,,0
pytorch,cs336_basics.model.scaled_dot_product_attention,torch_autograd,NVIDIA RTX PRO 6000 Blackwell Server Edition,94.97076416015625,2.11.0+cu128,12.8,3.6.0,1,32768,64,bfloat16,True,False,42,5,25.0,100.0,triton.testing.do_bench_mean_ms,single_retained_graph; reset_input_grads_each_call,OK,,OK,OK,OK,21.718536376953125,48.38849639892578,69.99689483642578,,0
flash,cs336_systems.flash_attention.FlashAttentionTriton,compiled_pytorch_recomputation,NVIDIA RTX PRO 6000 Blackwell Server Edition,94.97076416015625,2.11.0+cu128,12.8,3.6.0,1,32768,64,bfloat16,True,False,42,5,25.0,100.0,triton.testing.do_bench_mean_ms,single_retained_graph; reset_input_grads_each_call,OK,,OK,OK,OK,3.958607140709372,26.8897279103597,30.849706649780273,,0
pytorch,cs336_basics.model.scaled_dot_product_attention,torch_autograd,NVIDIA RTX PRO 6000 Blackwell Server Edition,94.97076416015625,2.11.0+cu128,12.8,3.6.0,1,65536,64,bfloat16,True,False,42,5,25.0,100.0,triton.testing.do_bench_mean_ms,single_retained_graph; reset_input_grads_each_call,OK,,OK,OK,OK,86.24793243408203,192.51763916015625,278.624755859375,,0
flash,cs336_systems.flash_attention.FlashAttentionTriton,compiled_pytorch_recomputation,NVIDIA RTX PRO 6000 Blackwell Server Edition,94.97076416015625,2.11.0+cu128,12.8,3.6.0,1,65536,64,bfloat16,True,False,42,5,25.0,100.0,triton.testing.do_bench_mean_ms,single_retained_graph; reset_input_grads_each_call,OK,,OK,OK,OK,15.453183937072755,113.62509155273438,129.02195739746094,,0
pytorch,cs336_basics.model.scaled_dot_product_attention,torch_autograd,NVIDIA RTX PRO 6000 Blackwell Server Edition,94.97076416015625,2.11.0+cu128,12.8,3.6.0,1,128,128,bfloat16,True,False,42,5,25.0,100.0,triton.testing.do_bench_mean_ms,single_retained_graph; reset_input_grads_each_call,OK,,OK,OK,OK,0.03770754749025657,0.11212229172925692,0.2790888571180403,,0
flash,cs336_systems.flash_attention.FlashAttentionTriton,compiled_pytorch_recomputation,NVIDIA RTX PRO 6000 Blackwell Server Edition,94.97076416015625,2.11.0+cu128,12.8,3.6.0,1,128,128,bfloat16,True,False,42,5,25.0,100.0,triton.testing.do_bench_mean_ms,single_retained_graph; reset_input_grads_each_call,OK,,OK,OK,OK,0.012036093239954044,0.12894465241631772,0.27730592057108877,,0
pytorch,cs336_basics.model.scaled_dot_product_attention,torch_autograd,NVIDIA RTX PRO 6000 Blackwell Server Edition,94.97076416015625,2.11.0+cu128,12.8,3.6.0,1,256,128,bfloat16,True,False,42,5,25.0,100.0,triton.testing.do_bench_mean_ms,single_retained_graph; reset_input_grads_each_call,OK,,OK,OK,OK,0.04244132003593214,0.10622168747724685,0.29284124427371555,,0
flash,cs336_systems.flash_attention.FlashAttentionTriton,compiled_pytorch_recomputation,NVIDIA RTX PRO 6000 Blackwell Server Edition,94.97076416015625,2.11.0+cu128,12.8,3.6.0,1,256,128,bfloat16,True,False,42,5,25.0,100.0,triton.testing.do_bench_mean_ms,single_retained_graph; reset_input_grads_each_call,OK,,OK,OK,OK,0.01632609536191301,0.4817093114256859,0.3617834149579692,,0
pytorch,cs336_basics.model.scaled_dot_product_attention,torch_autograd,NVIDIA RTX PRO 6000 Blackwell Server Edition,94.97076416015625,2.11.0+cu128,12.8,3.6.0,1,512,128,bfloat16,True,False,42,5,25.0,100.0,triton.testing.do_bench_mean_ms,single_retained_graph; reset_input_grads_each_call,OK,,OK,OK,OK,0.04673264251998913,0.11654362341060358,0.5421451751245271,,0
flash,cs336_systems.flash_attention.FlashAttentionTriton,compiled_pytorch_recomputation,NVIDIA RTX PRO 6000 Blackwell Server Edition,94.97076416015625,2.11.0+cu128,12.8,3.6.0,1,512,128,bfloat16,True,False,42,5,25.0,100.0,triton.testing.do_bench_mean_ms,single_retained_graph; reset_input_grads_each_call,OK,,OK,OK,OK,0.025219796888403975,0.14402709025042978,0.2725076103038306,,0
pytorch,cs336_basics.model.scaled_dot_product_attention,torch_autograd,NVIDIA RTX PRO 6000 Blackwell Server Edition,94.97076416015625,2.11.0+cu128,12.8,3.6.0,1,1024,128,bfloat16,True,False,42,5,25.0,100.0,triton.testing.do_bench_mean_ms,single_retained_graph; reset_input_grads_each_call,OK,,OK,OK,OK,0.06155639844255436,0.1266225552606967,0.28301019781137227,,0
flash,cs336_systems.flash_attention.FlashAttentionTriton,compiled_pytorch_recomputation,NVIDIA RTX PRO 6000 Blackwell Server Edition,94.97076416015625,2.11.0+cu128,12.8,3.6.0,1,1024,128,bfloat16,True,False,42,5,25.0,100.0,triton.testing.do_bench_mean_ms,single_retained_graph; reset_input_grads_each_call,OK,,OK,OK,OK,0.043532065314347626,0.099113155009709,0.14700733071832514,,0
pytorch,cs336_basics.model.scaled_dot_product_attention,torch_autograd,NVIDIA RTX PRO 6000 Blackwell Server Edition,94.97076416015625,2.11.0+cu128,12.8,3.6.0,1,2048,128,bfloat16,True,False,42,5,25.0,100.0,triton.testing.do_bench_mean_ms,single_retained_graph; reset_input_grads_each_call,OK,,OK,OK,OK,0.1072216574617183,0.1878092150647932,0.3426554016420774,,0
flash,cs336_systems.flash_attention.FlashAttentionTriton,compiled_pytorch_recomputation,NVIDIA RTX PRO 6000 Blackwell Server Edition,94.97076416015625,2.11.0+cu128,12.8,3.6.0,1,2048,128,bfloat16,True,False,42,5,25.0,100.0,triton.testing.do_bench_mean_ms,single_retained_graph; reset_input_grads_each_call,OK,,OK,OK,OK,0.08042167559746773,0.29750972857445845,0.37705301997824486,,0
pytorch,cs336_basics.model.scaled_dot_product_attention,torch_autograd,NVIDIA RTX PRO 6000 Blackwell Server Edition,94.97076416015625,2.11.0+cu128,12.8,3.6.0,1,4096,128,bfloat16,True,False,42,5,25.0,100.0,triton.testing.do_bench_mean_ms,single_retained_graph; reset_input_grads_each_call,OK,,OK,OK,OK,0.25904272464995687,0.5640883131544719,0.7616577187431193,,0
flash,cs336_systems.flash_attention.FlashAttentionTriton,compiled_pytorch_recomputation,NVIDIA RTX PRO 6000 Blackwell Server Edition,94.97076416015625,2.11.0+cu128,12.8,3.6.0,1,4096,128,bfloat16,True,False,42,5,25.0,100.0,triton.testing.do_bench_mean_ms,single_retained_graph; reset_input_grads_each_call,OK,,OK,OK,OK,0.17386239983818746,0.6144236372067378,0.7467066695292791,,0
pytorch,cs336_basics.model.scaled_dot_product_attention,torch_autograd,NVIDIA RTX PRO 6000 Blackwell Server Edition,94.97076416015625,2.11.0+cu128,12.8,3.6.0,1,8192,128,bfloat16,True,False,42,5,25.0,100.0,triton.testing.do_bench_mean_ms,single_retained_graph; reset_input_grads_each_call,OK,,OK,OK,OK,1.427118216242109,3.1995421031425737,4.553696042015439,,0
flash,cs336_systems.flash_attention.FlashAttentionTriton,compiled_pytorch_recomputation,NVIDIA RTX PRO 6000 Blackwell Server Edition,94.97076416015625,2.11.0+cu128,12.8,3.6.0,1,8192,128,bfloat16,True,False,42,5,25.0,100.0,triton.testing.do_bench_mean_ms,single_retained_graph; reset_input_grads_each_call,OK,,OK,OK,OK,0.42437681677390116,2.244670443418549,2.598475535710653,,0
pytorch,cs336_basics.model.scaled_dot_product_attention,torch_autograd,NVIDIA RTX PRO 6000 Blackwell Server Edition,94.97076416015625,2.11.0+cu128,12.8,3.6.0,1,16384,128,bfloat16,True,False,42,5,25.0,100.0,triton.testing.do_bench_mean_ms,single_retained_graph; reset_input_grads_each_call,OK,,OK,OK,OK,5.599800474503461,12.358500480651855,17.88935661315918,,0
flash,cs336_systems.flash_attention.FlashAttentionTriton,compiled_pytorch_recomputation,NVIDIA RTX PRO 6000 Blackwell Server Edition,94.97076416015625,2.11.0+cu128,12.8,3.6.0,1,16384,128,bfloat16,True,False,42,5,25.0,100.0,triton.testing.do_bench_mean_ms,single_retained_graph; reset_input_grads_each_call,OK,,OK,OK,OK,1.6185248017311096,8.361407973549582,9.918062316046822,,0
pytorch,cs336_basics.model.scaled_dot_product_attention,torch_autograd,NVIDIA RTX PRO 6000 Blackwell Server Edition,94.97076416015625,2.11.0+cu128,12.8,3.6.0,1,32768,128,bfloat16,True,False,42,5,25.0,100.0,triton.testing.do_bench_mean_ms,single_retained_graph; reset_input_grads_each_call,OK,,OK,OK,OK,21.985031604766846,48.964111328125,70.67388916015625,,0
flash,cs336_systems.flash_attention.FlashAttentionTriton,compiled_pytorch_recomputation,NVIDIA RTX PRO 6000 Blackwell Server Edition,94.97076416015625,2.11.0+cu128,12.8,3.6.0,1,32768,128,bfloat16,True,False,42,5,25.0,100.0,triton.testing.do_bench_mean_ms,single_retained_graph; reset_input_grads_each_call,OK,,OK,OK,OK,5.374137197222028,33.01696014404297,38.37491226196289,,0
pytorch,cs336_basics.model.scaled_dot_product_attention,torch_autograd,NVIDIA RTX PRO 6000 Blackwell Server Edition,94.97076416015625,2.11.0+cu128,12.8,3.6.0,1,65536,128,bfloat16,True,False,42,5,25.0,100.0,triton.testing.do_bench_mean_ms,single_retained_graph; reset_input_grads_each_call,OK,,OK,OK,OK,87.36297607421875,193.50473022460938,280.91546630859375,,0
flash,cs336_systems.flash_attention.FlashAttentionTriton,compiled_pytorch_recomputation,NVIDIA RTX PRO 6000 Blackwell Server Edition,94.97076416015625,2.11.0+cu128,12.8,3.6.0,1,65536,128,bfloat16,True,False,42,5,25.0,100.0,triton.testing.do_bench_mean_ms,single_retained_graph; reset_input_grads_each_call,OK,,OK,OK,OK,21.21676778793335,132.96534729003906,154.48471069335938,,0
pytorch,cs336_basics.model.scaled_dot_product_attention,torch_autograd,NVIDIA RTX PRO 6000 Blackwell Server Edition,94.97076416015625,2.11.0+cu128,12.8,3.6.0,1,128,16,float32,True,False,42,5,25.0,100.0,triton.testing.do_bench_mean_ms,single_retained_graph; reset_input_grads_each_call,OK,,OK,OK,OK,0.042426271661938235,0.12925360532133442,0.3145551526185238,,0
flash,cs336_systems.flash_attention.FlashAttentionTriton,compiled_pytorch_recomputation,NVIDIA RTX PRO 6000 Blackwell Server Edition,94.97076416015625,2.11.0+cu128,12.8,3.6.0,1,128,16,float32,True,False,42,5,25.0,100.0,triton.testing.do_bench_mean_ms,single_retained_graph; reset_input_grads_each_call,OK,,OK,OK,OK,0.01104213329963386,0.09971345440399917,0.25208667847125427,,0
pytorch,cs336_basics.model.scaled_dot_product_attention,torch_autograd,NVIDIA RTX PRO 6000 Blackwell Server Edition,94.97076416015625,2.11.0+cu128,12.8,3.6.0,1,256,16,float32,True,False,42,5,25.0,100.0,triton.testing.do_bench_mean_ms,single_retained_graph; reset_input_grads_each_call,OK,,OK,OK,OK,0.042640114645306156,0.13702330398170845,0.3162040371270407,,0
flash,cs336_systems.flash_attention.FlashAttentionTriton,compiled_pytorch_recomputation,NVIDIA RTX PRO 6000 Blackwell Server Edition,94.97076416015625,2.11.0+cu128,12.8,3.6.0,1,256,16,float32,True,False,42,5,25.0,100.0,triton.testing.do_bench_mean_ms,single_retained_graph; reset_input_grads_each_call,OK,,OK,OK,OK,0.015660000100199665,0.08035190863518797,0.2264301418268829,,0
pytorch,cs336_basics.model.scaled_dot_product_attention,torch_autograd,NVIDIA RTX PRO 6000 Blackwell Server Edition,94.97076416015625,2.11.0+cu128,12.8,3.6.0,1,512,16,float32,True,False,42,5,25.0,100.0,triton.testing.do_bench_mean_ms,single_retained_graph; reset_input_grads_each_call,OK,,OK,OK,OK,0.04972111586983322,0.1271829524387916,0.3225466195832599,,0
flash,cs336_systems.flash_attention.FlashAttentionTriton,compiled_pytorch_recomputation,NVIDIA RTX PRO 6000 Blackwell Server Edition,94.97076416015625,2.11.0+cu128,12.8,3.6.0,1,512,16,float32,True,False,42,5,25.0,100.0,triton.testing.do_bench_mean_ms,single_retained_graph; reset_input_grads_each_call,OK,,OK,OK,OK,0.024380444790478104,0.10294320874407396,0.22154125341432013,,0
pytorch,cs336_basics.model.scaled_dot_product_attention,torch_autograd,NVIDIA RTX PRO 6000 Blackwell Server Edition,94.97076416015625,2.11.0+cu128,12.8,3.6.0,1,1024,16,float32,True,False,42,5,25.0,100.0,triton.testing.do_bench_mean_ms,single_retained_graph; reset_input_grads_each_call,OK,,OK,OK,OK,0.0678466626067088,0.15193527030400902,0.3282780001083246,,0
flash,cs336_systems.flash_attention.FlashAttentionTriton,compiled_pytorch_recomputation,NVIDIA RTX PRO 6000 Blackwell Server Edition,94.97076416015625,2.11.0+cu128,12.8,3.6.0,1,1024,16,float32,True,False,42,5,25.0,100.0,triton.testing.do_bench_mean_ms,single_retained_graph; reset_input_grads_each_call,OK,,OK,OK,OK,0.04238898325406137,0.08577600002288818,0.2163196744555134,,0
pytorch,cs336_basics.model.scaled_dot_product_attention,torch_autograd,NVIDIA RTX PRO 6000 Blackwell Server Edition,94.97076416015625,2.11.0+cu128,12.8,3.6.0,1,2048,16,float32,True,False,42,5,25.0,100.0,triton.testing.do_bench_mean_ms,single_retained_graph; reset_input_grads_each_call,OK,,OK,OK,OK,0.12376209958456456,0.2496234136383708,0.32981626869399766,,0
flash,cs336_systems.flash_attention.FlashAttentionTriton,compiled_pytorch_recomputation,NVIDIA RTX PRO 6000 Blackwell Server Edition,94.97076416015625,2.11.0+cu128,12.8,3.6.0,1,2048,16,float32,True,False,42,5,25.0,100.0,triton.testing.do_bench_mean_ms,single_retained_graph; reset_input_grads_each_call,OK,,OK,OK,OK,0.07696465497667139,0.09857500662322098,0.1765444234803023,,0
pytorch,cs336_basics.model.scaled_dot_product_attention,torch_autograd,NVIDIA RTX PRO 6000 Blackwell Server Edition,94.97076416015625,2.11.0+cu128,12.8,3.6.0,1,4096,16,float32,True,False,42,5,25.0,100.0,triton.testing.do_bench_mean_ms,single_retained_graph; reset_input_grads_each_call,OK,,OK,OK,OK,0.3922128550122293,1.1730504512786866,1.519831867541297,,0
flash,cs336_systems.flash_attention.FlashAttentionTriton,compiled_pytorch_recomputation,NVIDIA RTX PRO 6000 Blackwell Server Edition,94.97076416015625,2.11.0+cu128,12.8,3.6.0,1,4096,16,float32,True,False,42,5,25.0,100.0,triton.testing.do_bench_mean_ms,single_retained_graph; reset_input_grads_each_call,OK,,OK,OK,OK,0.18256414819646766,0.3705471994061219,0.5457902426248068,,0
pytorch,cs336_basics.model.scaled_dot_product_attention,torch_autograd,NVIDIA RTX PRO 6000 Blackwell Server Edition,94.97076416015625,2.11.0+cu128,12.8,3.6.0,1,8192,16,float32,True,False,42,5,25.0,100.0,triton.testing.do_bench_mean_ms,single_retained_graph; reset_input_grads_each_call,OK,,OK,OK,OK,2.684958165032523,6.022137999534607,8.617576772516424,,0
flash,cs336_systems.flash_attention.FlashAttentionTriton,compiled_pytorch_recomputation,NVIDIA RTX PRO 6000 Blackwell Server Edition,94.97076416015625,2.11.0+cu128,12.8,3.6.0,1,8192,16,float32,True,False,42,5,25.0,100.0,triton.testing.do_bench_mean_ms,single_retained_graph; reset_input_grads_each_call,OK,,OK,OK,OK,0.4638073332607746,1.6915069663966145,2.1242321812829306,,0
pytorch,cs336_basics.model.scaled_dot_product_attention,torch_autograd,NVIDIA RTX PRO 6000 Blackwell Server Edition,94.97076416015625,2.11.0+cu128,12.8,3.6.0,1,16384,16,float32,True,False,42,5,25.0,100.0,triton.testing.do_bench_mean_ms,single_retained_graph; reset_input_grads_each_call,OK,,OK,OK,OK,10.435676256815592,23.572336196899414,33.91459083557129,,0
flash,cs336_systems.flash_attention.FlashAttentionTriton,compiled_pytorch_recomputation,NVIDIA RTX PRO 6000 Blackwell Server Edition,94.97076416015625,2.11.0+cu128,12.8,3.6.0,1,16384,16,float32,True,False,42,5,25.0,100.0,triton.testing.do_bench_mean_ms,single_retained_graph; reset_input_grads_each_call,OK,,OK,OK,OK,1.7155188979773686,6.614978313446045,8.29565091566606,,0
pytorch,cs336_basics.model.scaled_dot_product_attention,torch_autograd,NVIDIA RTX PRO 6000 Blackwell Server Edition,94.97076416015625,2.11.0+cu128,12.8,3.6.0,1,32768,16,float32,True,False,42,5,25.0,100.0,triton.testing.do_bench_mean_ms,single_retained_graph; reset_input_grads_each_call,OK,,OK,OK,OK,41.403390884399414,93.52861022949219,134.86029052734375,,0
flash,cs336_systems.flash_attention.FlashAttentionTriton,compiled_pytorch_recomputation,NVIDIA RTX PRO 6000 Blackwell Server Edition,94.97076416015625,2.11.0+cu128,12.8,3.6.0,1,32768,16,float32,True,False,42,5,25.0,100.0,triton.testing.do_bench_mean_ms,single_retained_graph; reset_input_grads_each_call,OK,,OK,OK,OK,6.041659061725323,26.16265614827474,32.2060801188151,,0
pytorch,cs336_basics.model.scaled_dot_product_attention,torch_autograd,NVIDIA RTX PRO 6000 Blackwell Server Edition,94.97076416015625,2.11.0+cu128,12.8,3.6.0,1,65536,16,float32,True,False,42,5,25.0,100.0,triton.testing.do_bench_mean_ms,single_retained_graph; reset_input_grads_each_call,OOM,backward_warmup,OK,OOM,NOT_RUN,165.01657104492188,,,"CUDA out of memory. Tried to allocate 16.00 GiB. GPU 0 has a total capacity of 94.97 GiB of which 10.28 GiB is free. Including non-PyTorch memory, this process has 84.68 GiB memory in use. Of the allocated memory 68.04 GiB is allocated by PyTorch, and 16.00 GiB is reserved by PyTorch but unallocated. If reserved but unallocated memory is large try setting PYTORCH_CUDA_ALLOC_CONF=expandable_segments:True to avoid fragmentation.  See documentation for Memory Management  (https://docs.pytorch.org/docs/stable/notes/cuda.html#optimizing-memory-usage-with-pytorch-cuda-alloc-conf)",0
flash,cs336_systems.flash_attention.FlashAttentionTriton,compiled_pytorch_recomputation,NVIDIA RTX PRO 6000 Blackwell Server Edition,94.97076416015625,2.11.0+cu128,12.8,3.6.0,1,65536,16,float32,True,False,42,5,25.0,100.0,triton.testing.do_bench_mean_ms,single_retained_graph; reset_input_grads_each_call,OK,,OK,OK,OK,23.8066349029541,103.38406372070312,127.11321258544922,,0
pytorch,cs336_basics.model.scaled_dot_product_attention,torch_autograd,NVIDIA RTX PRO 6000 Blackwell Server Edition,94.97076416015625,2.11.0+cu128,12.8,3.6.0,1,128,32,float32,True,False,42,5,25.0,100.0,triton.testing.do_bench_mean_ms,single_retained_graph; reset_input_grads_each_call,OK,,OK,OK,OK,0.04138275669001549,0.12116978957170718,0.37939494958121656,,0
flash,cs336_systems.flash_attention.FlashAttentionTriton,compiled_pytorch_recomputation,NVIDIA RTX PRO 6000 Blackwell Server Edition,94.97076416015625,2.11.0+cu128,12.8,3.6.0,1,128,32,float32,True,False,42,5,25.0,100.0,triton.testing.do_bench_mean_ms,single_retained_graph; reset_input_grads_each_call,OK,,OK,OK,OK,0.014303168959238312,0.047211498162479854,0.12214409040108239,,0
pytorch,cs336_basics.model.scaled_dot_product_attention,torch_autograd,NVIDIA RTX PRO 6000 Blackwell Server Edition,94.97076416015625,2.11.0+cu128,12.8,3.6.0,1,256,32,float32,True,False,42,5,25.0,100.0,triton.testing.do_bench_mean_ms,single_retained_graph; reset_input_grads_each_call,OK,,OK,OK,OK,0.04368755123012255,0.11740781459687413,0.35649692224195373,,0
flash,cs336_systems.flash_attention.FlashAttentionTriton,compiled_pytorch_recomputation,NVIDIA RTX PRO 6000 Blackwell Server Edition,94.97076416015625,2.11.0+cu128,12.8,3.6.0,1,256,32,float32,True,False,42,5,25.0,100.0,triton.testing.do_bench_mean_ms,single_retained_graph; reset_input_grads_each_call,OK,,OK,OK,OK,0.021966933303823075,0.04559275952967704,0.11407891824631623,,0
pytorch,cs336_basics.model.scaled_dot_product_attention,torch_autograd,NVIDIA RTX PRO 6000 Blackwell Server Edition,94.97076416015625,2.11.0+cu128,12.8,3.6.0,1,512,32,float32,True,False,42,5,25.0,100.0,triton.testing.do_bench_mean_ms,single_retained_graph; reset_input_grads_each_call,OK,,OK,OK,OK,0.04652562685774274,0.13286598465701407,0.35237183089547314,,0
flash,cs336_systems.flash_attention.FlashAttentionTriton,compiled_pytorch_recomputation,NVIDIA RTX PRO 6000 Blackwell Server Edition,94.97076416015625,2.11.0+cu128,12.8,3.6.0,1,512,32,float32,True,False,42,5,25.0,100.0,triton.testing.do_bench_mean_ms,single_retained_graph; reset_input_grads_each_call,OK,,OK,OK,OK,0.035537600393096606,0.08141070769574398,0.19347862386912631,,0
pytorch,cs336_basics.model.scaled_dot_product_attention,torch_autograd,NVIDIA RTX PRO 6000 Blackwell Server Edition,94.97076416015625,2.11.0+cu128,12.8,3.6.0,1,1024,32,float32,True,False,42,5,25.0,100.0,triton.testing.do_bench_mean_ms,single_retained_graph; reset_input_grads_each_call,OK,,OK,OK,OK,0.06970193474215075,0.133595259000958,0.34180640679965085,,0
flash,cs336_systems.flash_attention.FlashAttentionTriton,compiled_pytorch_recomputation,NVIDIA RTX PRO 6000 Blackwell Server Edition,94.97076416015625,2.11.0+cu128,12.8,3.6.0,1,1024,32,float32,True,False,42,5,25.0,100.0,triton.testing.do_bench_mean_ms,single_retained_graph; reset_input_grads_each_call,OK,,OK,OK,OK,0.06386384251070958,0.06973866638715637,0.14550619057956196,,0
pytorch,cs336_basics.model.scaled_dot_product_attention,torch_autograd,NVIDIA RTX PRO 6000 Blackwell Server Edition,94.97076416015625,2.11.0+cu128,12.8,3.6.0,1,2048,32,float32,True,False,42,5,25.0,100.0,triton.testing.do_bench_mean_ms,single_retained_graph; reset_input_grads_each_call,OK,,OK,OK,OK,0.12440239166147199,0.23839802018233708,0.3794421995703078,,0
flash,cs336_systems.flash_attention.FlashAttentionTriton,compiled_pytorch_recomputation,NVIDIA RTX PRO 6000 Blackwell Server Edition,94.97076416015625,2.11.0+cu128,12.8,3.6.0,1,2048,32,float32,True,False,42,5,25.0,100.0,triton.testing.do_bench_mean_ms,single_retained_graph; reset_input_grads_each_call,OK,,OK,OK,OK,0.12189600057899952,0.12210753936666609,0.24874431191584764,,0
pytorch,cs336_basics.model.scaled_dot_product_attention,torch_autograd,NVIDIA RTX PRO 6000 Blackwell Server Edition,94.97076416015625,2.11.0+cu128,12.8,3.6.0,1,4096,32,float32,True,False,42,5,25.0,100.0,triton.testing.do_bench_mean_ms,single_retained_graph; reset_input_grads_each_call,OK,,OK,OK,OK,0.38862886349799225,1.1055684264500936,1.455479735328305,,0
flash,cs336_systems.flash_attention.FlashAttentionTriton,compiled_pytorch_recomputation,NVIDIA RTX PRO 6000 Blackwell Server Edition,94.97076416015625,2.11.0+cu128,12.8,3.6.0,1,4096,32,float32,True,False,42,5,25.0,100.0,triton.testing.do_bench_mean_ms,single_retained_graph; reset_input_grads_each_call,OK,,OK,OK,OK,0.37199542960342097,0.36618677630943336,0.7304747611020519,,0
pytorch,cs336_basics.model.scaled_dot_product_attention,torch_autograd,NVIDIA RTX PRO 6000 Blackwell Server Edition,94.97076416015625,2.11.0+cu128,12.8,3.6.0,1,8192,32,float32,True,False,42,5,25.0,100.0,triton.testing.do_bench_mean_ms,single_retained_graph; reset_input_grads_each_call,OK,,OK,OK,OK,2.6848438807896207,6.031205952167511,8.641379096291281,,0
flash,cs336_systems.flash_attention.FlashAttentionTriton,compiled_pytorch_recomputation,NVIDIA RTX PRO 6000 Blackwell Server Edition,94.97076416015625,2.11.0+cu128,12.8,3.6.0,1,8192,32,float32,True,False,42,5,25.0,100.0,triton.testing.do_bench_mean_ms,single_retained_graph; reset_input_grads_each_call,OK,,OK,OK,OK,1.017846494107633,1.7109929030796267,2.7171360114041496,,0
pytorch,cs336_basics.model.scaled_dot_product_attention,torch_autograd,NVIDIA RTX PRO 6000 Blackwell Server Edition,94.97076416015625,2.11.0+cu128,12.8,3.6.0,1,16384,32,float32,True,False,42,5,25.0,100.0,triton.testing.do_bench_mean_ms,single_retained_graph; reset_input_grads_each_call,OK,,OK,OK,OK,10.445905685424805,23.541296005249023,33.90337562561035,,0
flash,cs336_systems.flash_attention.FlashAttentionTriton,compiled_pytorch_recomputation,NVIDIA RTX PRO 6000 Blackwell Server Edition,94.97076416015625,2.11.0+cu128,12.8,3.6.0,1,16384,32,float32,True,False,42,5,25.0,100.0,triton.testing.do_bench_mean_ms,single_retained_graph; reset_input_grads_each_call,OK,,OK,OK,OK,4.054815909441779,6.61694860458374,10.662065717909071,,0
pytorch,cs336_basics.model.scaled_dot_product_attention,torch_autograd,NVIDIA RTX PRO 6000 Blackwell Server Edition,94.97076416015625,2.11.0+cu128,12.8,3.6.0,1,32768,32,float32,True,False,42,5,25.0,100.0,triton.testing.do_bench_mean_ms,single_retained_graph; reset_input_grads_each_call,OK,,OK,OK,OK,41.40471839904785,93.47337341308594,134.77682495117188,,0
flash,cs336_systems.flash_attention.FlashAttentionTriton,compiled_pytorch_recomputation,NVIDIA RTX PRO 6000 Blackwell Server Edition,94.97076416015625,2.11.0+cu128,12.8,3.6.0,1,32768,32,float32,True,False,42,5,25.0,100.0,triton.testing.do_bench_mean_ms,single_retained_graph; reset_input_grads_each_call,OK,,OK,OK,OK,14.61674690246582,26.25604248046875,40.84787368774414,,0
pytorch,cs336_basics.model.scaled_dot_product_attention,torch_autograd,NVIDIA RTX PRO 6000 Blackwell Server Edition,94.97076416015625,2.11.0+cu128,12.8,3.6.0,1,65536,32,float32,True,False,42,5,25.0,100.0,triton.testing.do_bench_mean_ms,single_retained_graph; reset_input_grads_each_call,OOM,backward_warmup,OK,OOM,NOT_RUN,165.5750732421875,,,"CUDA out of memory. Tried to allocate 16.00 GiB. GPU 0 has a total capacity of 94.97 GiB of which 10.26 GiB is free. Including non-PyTorch memory, this process has 84.70 GiB memory in use. Of the allocated memory 68.06 GiB is allocated by PyTorch, and 16.00 GiB is reserved by PyTorch but unallocated. If reserved but unallocated memory is large try setting PYTORCH_CUDA_ALLOC_CONF=expandable_segments:True to avoid fragmentation.  See documentation for Memory Management  (https://docs.pytorch.org/docs/stable/notes/cuda.html#optimizing-memory-usage-with-pytorch-cuda-alloc-conf)",0
flash,cs336_systems.flash_attention.FlashAttentionTriton,compiled_pytorch_recomputation,NVIDIA RTX PRO 6000 Blackwell Server Edition,94.97076416015625,2.11.0+cu128,12.8,3.6.0,1,65536,32,float32,True,False,42,5,25.0,100.0,triton.testing.do_bench_mean_ms,single_retained_graph; reset_input_grads_each_call,OK,,OK,OK,OK,58.019840240478516,104.63641357421875,162.5743408203125,,0
pytorch,cs336_basics.model.scaled_dot_product_attention,torch_autograd,NVIDIA RTX PRO 6000 Blackwell Server Edition,94.97076416015625,2.11.0+cu128,12.8,3.6.0,1,128,64,float32,True,False,42,5,25.0,100.0,triton.testing.do_bench_mean_ms,single_retained_graph; reset_input_grads_each_call,OK,,OK,OK,OK,0.04109227111183324,0.15439418143896944,0.3759515893764985,,0
flash,cs336_systems.flash_attention.FlashAttentionTriton,compiled_pytorch_recomputation,NVIDIA RTX PRO 6000 Blackwell Server Edition,94.97076416015625,2.11.0+cu128,12.8,3.6.0,1,128,64,float32,True,False,42,5,25.0,100.0,triton.testing.do_bench_mean_ms,single_retained_graph; reset_input_grads_each_call,OK,,OK,OK,OK,0.018404491605204448,0.04922341349440704,0.12121075414161865,,0
pytorch,cs336_basics.model.scaled_dot_product_attention,torch_autograd,NVIDIA RTX PRO 6000 Blackwell Server Edition,94.97076416015625,2.11.0+cu128,12.8,3.6.0,1,256,64,float32,True,False,42,5,25.0,100.0,triton.testing.do_bench_mean_ms,single_retained_graph; reset_input_grads_each_call,OK,,OK,OK,OK,0.04296944331286884,0.13311317018251645,0.43635476059114875,,0
flash,cs336_systems.flash_attention.FlashAttentionTriton,compiled_pytorch_recomputation,NVIDIA RTX PRO 6000 Blackwell Server Edition,94.97076416015625,2.11.0+cu128,12.8,3.6.0,1,256,64,float32,True,False,42,5,25.0,100.0,triton.testing.do_bench_mean_ms,single_retained_graph; reset_input_grads_each_call,OK,,OK,OK,OK,0.03010868942686196,0.08436532417763622,0.18634952132550764,,0
pytorch,cs336_basics.model.scaled_dot_product_attention,torch_autograd,NVIDIA RTX PRO 6000 Blackwell Server Edition,94.97076416015625,2.11.0+cu128,12.8,3.6.0,1,512,64,float32,True,False,42,5,25.0,100.0,triton.testing.do_bench_mean_ms,single_retained_graph; reset_input_grads_each_call,OK,,OK,OK,OK,0.04797688896081062,0.13851185658974435,0.3446159218207444,,0
flash,cs336_systems.flash_attention.FlashAttentionTriton,compiled_pytorch_recomputation,NVIDIA RTX PRO 6000 Blackwell Server Edition,94.97076416015625,2.11.0+cu128,12.8,3.6.0,1,512,64,float32,True,False,42,5,25.0,100.0,triton.testing.do_bench_mean_ms,single_retained_graph; reset_input_grads_each_call,OK,,OK,OK,OK,0.053178285248577595,0.09705713943466786,0.21129721516295324,,0
pytorch,cs336_basics.model.scaled_dot_product_attention,torch_autograd,NVIDIA RTX PRO 6000 Blackwell Server Edition,94.97076416015625,2.11.0+cu128,12.8,3.6.0,1,1024,64,float32,True,False,42,5,25.0,100.0,triton.testing.do_bench_mean_ms,single_retained_graph; reset_input_grads_each_call,OK,,OK,OK,OK,0.07095568786640312,0.14688949985429645,0.3560115774372714,,0
flash,cs336_systems.flash_attention.FlashAttentionTriton,compiled_pytorch_recomputation,NVIDIA RTX PRO 6000 Blackwell Server Edition,94.97076416015625,2.11.0+cu128,12.8,3.6.0,1,1024,64,float32,True,False,42,5,25.0,100.0,triton.testing.do_bench_mean_ms,single_retained_graph; reset_input_grads_each_call,OK,,OK,OK,OK,0.10036740769390706,0.1319476826086877,0.2457595581638402,,0
pytorch,cs336_basics.model.scaled_dot_product_attention,torch_autograd,NVIDIA RTX PRO 6000 Blackwell Server Edition,94.97076416015625,2.11.0+cu128,12.8,3.6.0,1,2048,64,float32,True,False,42,5,25.0,100.0,triton.testing.do_bench_mean_ms,single_retained_graph; reset_input_grads_each_call,OK,,OK,OK,OK,0.1338961955341624,0.2819846699999265,0.42744238341742374,,0
flash,cs336_systems.flash_attention.FlashAttentionTriton,compiled_pytorch_recomputation,NVIDIA RTX PRO 6000 Blackwell Server Edition,94.97076416015625,2.11.0+cu128,12.8,3.6.0,1,2048,64,float32,True,False,42,5,25.0,100.0,triton.testing.do_bench_mean_ms,single_retained_graph; reset_input_grads_each_call,OK,,OK,OK,OK,0.20222682023749633,0.1270067824693451,0.3113293512046617,,0
pytorch,cs336_basics.model.scaled_dot_product_attention,torch_autograd,NVIDIA RTX PRO 6000 Blackwell Server Edition,94.97076416015625,2.11.0+cu128,12.8,3.6.0,1,4096,64,float32,True,False,42,5,25.0,100.0,triton.testing.do_bench_mean_ms,single_retained_graph; reset_input_grads_each_call,OK,,OK,OK,OK,0.41823504794211613,1.1741051737467447,1.5654979348182678,,0
flash,cs336_systems.flash_attention.FlashAttentionTriton,compiled_pytorch_recomputation,NVIDIA RTX PRO 6000 Blackwell Server Edition,94.97076416015625,2.11.0+cu128,12.8,3.6.0,1,4096,64,float32,True,False,42,5,25.0,100.0,triton.testing.do_bench_mean_ms,single_retained_graph; reset_input_grads_each_call,OK,,OK,OK,OK,0.6612931665252236,0.4635009616613388,1.0855328300852833,,0
pytorch,cs336_basics.model.scaled_dot_product_attention,torch_autograd,NVIDIA RTX PRO 6000 Blackwell Server Edition,94.97076416015625,2.11.0+cu128,12.8,3.6.0,1,8192,64,float32,True,False,42,5,25.0,100.0,triton.testing.do_bench_mean_ms,single_retained_graph; reset_input_grads_each_call,OK,,OK,OK,OK,2.6962287215625538,6.068054020404816,8.676238580183549,,0
flash,cs336_systems.flash_attention.FlashAttentionTriton,compiled_pytorch_recomputation,NVIDIA RTX PRO 6000 Blackwell Server Edition,94.97076416015625,2.11.0+cu128,12.8,3.6.0,1,8192,64,float32,True,False,42,5,25.0,100.0,triton.testing.do_bench_mean_ms,single_retained_graph; reset_input_grads_each_call,OK,,OK,OK,OK,1.8000559977122716,1.7507676751005883,3.544048609556975,,0
pytorch,cs336_basics.model.scaled_dot_product_attention,torch_autograd,NVIDIA RTX PRO 6000 Blackwell Server Edition,94.97076416015625,2.11.0+cu128,12.8,3.6.0,1,16384,64,float32,True,False,42,5,25.0,100.0,triton.testing.do_bench_mean_ms,single_retained_graph; reset_input_grads_each_call,OK,,OK,OK,OK,10.478186713324654,23.61401653289795,34.0218563079834,,0
flash,cs336_systems.flash_attention.FlashAttentionTriton,compiled_pytorch_recomputation,NVIDIA RTX PRO 6000 Blackwell Server Edition,94.97076416015625,2.11.0+cu128,12.8,3.6.0,1,16384,64,float32,True,False,42,5,25.0,100.0,triton.testing.do_bench_mean_ms,single_retained_graph; reset_input_grads_each_call,OK,,OK,OK,OK,7.173492258245295,6.689040081841605,13.857270785740443,,0
pytorch,cs336_basics.model.scaled_dot_product_attention,torch_autograd,NVIDIA RTX PRO 6000 Blackwell Server Edition,94.97076416015625,2.11.0+cu128,12.8,3.6.0,1,32768,64,float32,True,False,42,5,25.0,100.0,triton.testing.do_bench_mean_ms,single_retained_graph; reset_input_grads_each_call,OK,,OK,OK,OK,41.711631774902344,93.87055969238281,135.50650024414062,,0
flash,cs336_systems.flash_attention.FlashAttentionTriton,compiled_pytorch_recomputation,NVIDIA RTX PRO 6000 Blackwell Server Edition,94.97076416015625,2.11.0+cu128,12.8,3.6.0,1,32768,64,float32,True,False,42,5,25.0,100.0,triton.testing.do_bench_mean_ms,single_retained_graph; reset_input_grads_each_call,OK,,OK,OK,OK,26.06182352701823,26.861717224121094,52.91417694091797,,0
pytorch,cs336_basics.model.scaled_dot_product_attention,torch_autograd,NVIDIA RTX PRO 6000 Blackwell Server Edition,94.97076416015625,2.11.0+cu128,12.8,3.6.0,1,65536,64,float32,True,False,42,5,25.0,100.0,triton.testing.do_bench_mean_ms,single_retained_graph; reset_input_grads_each_call,OOM,backward_warmup,OK,OOM,NOT_RUN,172.4620819091797,,,"CUDA out of memory. Tried to allocate 16.00 GiB. GPU 0 has a total capacity of 94.97 GiB of which 10.24 GiB is free. Including non-PyTorch memory, this process has 84.73 GiB memory in use. Of the allocated memory 68.11 GiB is allocated by PyTorch, and 15.97 GiB is reserved by PyTorch but unallocated. If reserved but unallocated memory is large try setting PYTORCH_CUDA_ALLOC_CONF=expandable_segments:True to avoid fragmentation.  See documentation for Memory Management  (https://docs.pytorch.org/docs/stable/notes/cuda.html#optimizing-memory-usage-with-pytorch-cuda-alloc-conf)",0
flash,cs336_systems.flash_attention.FlashAttentionTriton,compiled_pytorch_recomputation,NVIDIA RTX PRO 6000 Blackwell Server Edition,94.97076416015625,2.11.0+cu128,12.8,3.6.0,1,65536,64,float32,True,False,42,5,25.0,100.0,triton.testing.do_bench_mean_ms,single_retained_graph; reset_input_grads_each_call,OK,,OK,OK,OK,103.83769226074219,114.70336151123047,218.48883056640625,,0
pytorch,cs336_basics.model.scaled_dot_product_attention,torch_autograd,NVIDIA RTX PRO 6000 Blackwell Server Edition,94.97076416015625,2.11.0+cu128,12.8,3.6.0,1,128,128,float32,True,False,42,5,25.0,100.0,triton.testing.do_bench_mean_ms,single_retained_graph; reset_input_grads_each_call,OK,,OK,OK,OK,0.047207301554893985,0.18672340224648631,0.3238439106278949,,0
flash,cs336_systems.flash_attention.FlashAttentionTriton,compiled_pytorch_recomputation,NVIDIA RTX PRO 6000 Blackwell Server Edition,94.97076416015625,2.11.0+cu128,12.8,3.6.0,1,128,128,float32,True,False,42,5,25.0,100.0,triton.testing.do_bench_mean_ms,single_retained_graph; reset_input_grads_each_call,OK,,OK,OK,OK,0.029239000228699297,0.09510730072471679,0.16756423449545516,,0
pytorch,cs336_basics.model.scaled_dot_product_attention,torch_autograd,NVIDIA RTX PRO 6000 Blackwell Server Edition,94.97076416015625,2.11.0+cu128,12.8,3.6.0,1,256,128,float32,True,False,42,5,25.0,100.0,triton.testing.do_bench_mean_ms,single_retained_graph; reset_input_grads_each_call,OK,,OK,OK,OK,0.045628815817022786,0.14751016937172898,0.3322379397283686,,0
flash,cs336_systems.flash_attention.FlashAttentionTriton,compiled_pytorch_recomputation,NVIDIA RTX PRO 6000 Blackwell Server Edition,94.97076416015625,2.11.0+cu128,12.8,3.6.0,1,256,128,float32,True,False,42,5,25.0,100.0,triton.testing.do_bench_mean_ms,single_retained_graph; reset_input_grads_each_call,OK,,OK,OK,OK,0.04959257219785026,0.05152420016774699,0.1458171427986779,,0
pytorch,cs336_basics.model.scaled_dot_product_attention,torch_autograd,NVIDIA RTX PRO 6000 Blackwell Server Edition,94.97076416015625,2.11.0+cu128,12.8,3.6.0,1,512,128,float32,True,False,42,5,25.0,100.0,triton.testing.do_bench_mean_ms,single_retained_graph; reset_input_grads_each_call,OK,,OK,OK,OK,0.05285286577984945,0.14931147398525163,0.36601039045250294,,0
flash,cs336_systems.flash_attention.FlashAttentionTriton,compiled_pytorch_recomputation,NVIDIA RTX PRO 6000 Blackwell Server Edition,94.97076416015625,2.11.0+cu128,12.8,3.6.0,1,512,128,float32,True,False,42,5,25.0,100.0,triton.testing.do_bench_mean_ms,single_retained_graph; reset_input_grads_each_call,OK,,OK,OK,OK,0.09230675920844078,0.1643355853199341,0.3831776230485289,,0
pytorch,cs336_basics.model.scaled_dot_product_attention,torch_autograd,NVIDIA RTX PRO 6000 Blackwell Server Edition,94.97076416015625,2.11.0+cu128,12.8,3.6.0,1,1024,128,float32,True,False,42,5,25.0,100.0,triton.testing.do_bench_mean_ms,single_retained_graph; reset_input_grads_each_call,OK,,OK,OK,OK,0.07503187904124937,0.14770858661223776,0.3362102630463513,,0
flash,cs336_systems.flash_attention.FlashAttentionTriton,compiled_pytorch_recomputation,NVIDIA RTX PRO 6000 Blackwell Server Edition,94.97076416015625,2.11.0+cu128,12.8,3.6.0,1,1024,128,float32,True,False,42,5,25.0,100.0,triton.testing.do_bench_mean_ms,single_retained_graph; reset_input_grads_each_call,OK,,OK,OK,OK,0.17738472819328308,0.09993007729323174,0.2972447535266047,,0
pytorch,cs336_basics.model.scaled_dot_product_attention,torch_autograd,NVIDIA RTX PRO 6000 Blackwell Server Edition,94.97076416015625,2.11.0+cu128,12.8,3.6.0,1,2048,128,float32,True,False,42,5,25.0,100.0,triton.testing.do_bench_mean_ms,single_retained_graph; reset_input_grads_each_call,OK,,OK,OK,OK,0.17271351275613178,0.36212411998997074,0.49947461505341373,,0
flash,cs336_systems.flash_attention.FlashAttentionTriton,compiled_pytorch_recomputation,NVIDIA RTX PRO 6000 Blackwell Server Edition,94.97076416015625,2.11.0+cu128,12.8,3.6.0,1,2048,128,float32,True,False,42,5,25.0,100.0,triton.testing.do_bench_mean_ms,single_retained_graph; reset_input_grads_each_call,OK,,OK,OK,OK,0.3637527835135366,0.27591971987695024,0.612422894514524,,0
pytorch,cs336_basics.model.scaled_dot_product_attention,torch_autograd,NVIDIA RTX PRO 6000 Blackwell Server Edition,94.97076416015625,2.11.0+cu128,12.8,3.6.0,1,4096,128,float32,True,False,42,5,25.0,100.0,triton.testing.do_bench_mean_ms,single_retained_graph; reset_input_grads_each_call,OK,,OK,OK,OK,0.46920394974869567,1.2667515329692676,1.7035676960675221,,0
flash,cs336_systems.flash_attention.FlashAttentionTriton,compiled_pytorch_recomputation,NVIDIA RTX PRO 6000 Blackwell Server Edition,94.97076416015625,2.11.0+cu128,12.8,3.6.0,1,4096,128,float32,True,False,42,5,25.0,100.0,triton.testing.do_bench_mean_ms,single_retained_graph; reset_input_grads_each_call,OK,,OK,OK,OK,1.1910419355739246,0.5730349844071403,1.716466118704598,,0
pytorch,cs336_basics.model.scaled_dot_product_attention,torch_autograd,NVIDIA RTX PRO 6000 Blackwell Server Edition,94.97076416015625,2.11.0+cu128,12.8,3.6.0,1,8192,128,float32,True,False,42,5,25.0,100.0,triton.testing.do_bench_mean_ms,single_retained_graph; reset_input_grads_each_call,OK,,OK,OK,OK,2.8638680204749107,6.357956250508626,9.184086513519286,,0
flash,cs336_systems.flash_attention.FlashAttentionTriton,compiled_pytorch_recomputation,NVIDIA RTX PRO 6000 Blackwell Server Edition,94.97076416015625,2.11.0+cu128,12.8,3.6.0,1,8192,128,float32,True,False,42,5,25.0,100.0,triton.testing.do_bench_mean_ms,single_retained_graph; reset_input_grads_each_call,OK,,OK,OK,OK,4.11083667418536,2.187576968495439,6.470896005630493,,0
pytorch,cs336_basics.model.scaled_dot_product_attention,torch_autograd,NVIDIA RTX PRO 6000 Blackwell Server Edition,94.97076416015625,2.11.0+cu128,12.8,3.6.0,1,16384,128,float32,True,False,42,5,25.0,100.0,triton.testing.do_bench_mean_ms,single_retained_graph; reset_input_grads_each_call,OK,,OK,OK,OK,11.242135763168335,24.737488269805908,35.94623947143555,,0
flash,cs336_systems.flash_attention.FlashAttentionTriton,compiled_pytorch_recomputation,NVIDIA RTX PRO 6000 Blackwell Server Edition,94.97076416015625,2.11.0+cu128,12.8,3.6.0,1,16384,128,float32,True,False,42,5,25.0,100.0,triton.testing.do_bench_mean_ms,single_retained_graph; reset_input_grads_each_call,OK,,OK,OK,OK,13.66101328531901,8.335592703385787,21.990840435028076,,0
pytorch,cs336_basics.model.scaled_dot_product_attention,torch_autograd,NVIDIA RTX PRO 6000 Blackwell Server Edition,94.97076416015625,2.11.0+cu128,12.8,3.6.0,1,32768,128,float32,True,False,42,5,25.0,100.0,triton.testing.do_bench_mean_ms,single_retained_graph; reset_input_grads_each_call,OK,,OK,OK,OK,44.77827072143555,98.09552001953125,142.80038452148438,,0
flash,cs336_systems.flash_attention.FlashAttentionTriton,compiled_pytorch_recomputation,NVIDIA RTX PRO 6000 Blackwell Server Edition,94.97076416015625,2.11.0+cu128,12.8,3.6.0,1,32768,128,float32,True,False,42,5,25.0,100.0,triton.testing.do_bench_mean_ms,single_retained_graph; reset_input_grads_each_call,OK,,OK,OK,OK,50.84569549560547,32.9835090637207,83.83487701416016,,0
pytorch,cs336_basics.model.scaled_dot_product_attention,torch_autograd,NVIDIA RTX PRO 6000 Blackwell Server Edition,94.97076416015625,2.11.0+cu128,12.8,3.6.0,1,65536,128,float32,True,False,42,5,25.0,100.0,triton.testing.do_bench_mean_ms,single_retained_graph; reset_input_grads_each_call,OOM,backward_warmup,OK,OOM,NOT_RUN,180.75177001953125,,,"CUDA out of memory. Tried to allocate 16.00 GiB. GPU 0 has a total capacity of 94.97 GiB of which 10.17 GiB is free. Including non-PyTorch memory, this process has 84.79 GiB memory in use. Of the allocated memory 68.20 GiB is allocated by PyTorch, and 15.94 GiB is reserved by PyTorch but unallocated. If reserved but unallocated memory is large try setting PYTORCH_CUDA_ALLOC_CONF=expandable_segments:True to avoid fragmentation.  See documentation for Memory Management  (https://docs.pytorch.org/docs/stable/notes/cuda.html#optimizing-memory-usage-with-pytorch-cuda-alloc-conf)",0
flash,cs336_systems.flash_attention.FlashAttentionTriton,compiled_pytorch_recomputation,NVIDIA RTX PRO 6000 Blackwell Server Edition,94.97076416015625,2.11.0+cu128,12.8,3.6.0,1,65536,128,float32,True,False,42,5,25.0,100.0,triton.testing.do_bench_mean_ms,single_retained_graph; reset_input_grads_each_call,OK,,OK,OK,OK,200.12339782714844,135.2816619873047,335.4224548339844,,0
