implementation,gpu,gpu_memory_gib,torch_version,cuda_version,dtype,tf32,batch_size,seq_len,dim,causal,seed,warmup,iterations,status,failure_phase,failure_iteration,forward_samples,backward_samples,forward_mean_ms,forward_std_ms,backward_mean_ms,backward_std_ms,baseline_allocated_mib,before_backward_allocated_mib,memory_source,memory_samples,forward_live_extra_mib,error,child_returncode
cs336_basics.model.scaled_dot_product_attention,NVIDIA RTX PRO 6000 Blackwell Server Edition,94.97076416015625,2.11.0+cu128,12.8,float32,False,8,256,16,False,42,10,100,OK,,,100,100,0.20845726132392883,0.061993262491243546,0.5805784091353416,0.25012090659095026,0.5,20.8984375,measurement,100,20.3984375,,0
cs336_basics.model.scaled_dot_product_attention,NVIDIA RTX PRO 6000 Blackwell Server Edition,94.97076416015625,2.11.0+cu128,12.8,float32,False,8,1024,16,False,42,10,100,OK,,,100,100,0.26754681020975113,0.039983138324694266,0.7089196890592575,0.09445889551271149,2.0,82.84375,measurement,100,80.84375,,0
cs336_basics.model.scaled_dot_product_attention,NVIDIA RTX PRO 6000 Blackwell Server Edition,94.97076416015625,2.11.0+cu128,12.8,float32,False,8,4096,16,False,42,10,100,OK,,,100,100,4.576689265668392,0.009099002665264741,11.52625735849142,0.06690760141739975,8.0,1050.625,measurement,100,1042.625,,0
cs336_basics.model.scaled_dot_product_attention,NVIDIA RTX PRO 6000 Blackwell Server Edition,94.97076416015625,2.11.0+cu128,12.8,float32,False,8,8192,16,False,42,10,100,OK,,,100,100,17.74596706032753,0.05501716830448554,44.245045594871044,0.13391834408078615,16.0,4133.0,measurement,100,4117.0,,0
cs336_basics.model.scaled_dot_product_attention,NVIDIA RTX PRO 6000 Blackwell Server Edition,94.97076416015625,2.11.0+cu128,12.8,float32,False,8,16384,16,False,42,10,100,OK,,,100,100,69.74409446120262,0.0582982517510597,174.28644638508558,0.13237909263396375,32.0,16441.75,measurement,100,16409.75,,0
cs336_basics.model.scaled_dot_product_attention,NVIDIA RTX PRO 6000 Blackwell Server Edition,94.97076416015625,2.11.0+cu128,12.8,float32,False,8,256,32,False,42,10,100,OK,,,100,100,0.13333391398191452,0.012074457985691362,0.29806293547153473,0.14688257989981618,1.0,21.5234375,measurement,100,20.5234375,,0
cs336_basics.model.scaled_dot_product_attention,NVIDIA RTX PRO 6000 Blackwell Server Edition,94.97076416015625,2.11.0+cu128,12.8,float32,False,8,1024,32,False,42,10,100,OK,,,100,100,0.22998876869678497,0.04711682850663903,0.564035139977932,0.11078059318007671,4.0,85.34375,measurement,100,81.34375,,0
cs336_basics.model.scaled_dot_product_attention,NVIDIA RTX PRO 6000 Blackwell Server Edition,94.97076416015625,2.11.0+cu128,12.8,float32,False,8,4096,32,False,42,10,100,OK,,,100,100,4.601044915616512,0.007989183350983947,11.52704056352377,0.07785099970554143,16.0,1060.625,measurement,100,1044.625,,0
cs336_basics.model.scaled_dot_product_attention,NVIDIA RTX PRO 6000 Blackwell Server Edition,94.97076416015625,2.11.0+cu128,12.8,float32,False,8,8192,32,False,42,10,100,OK,,,100,100,17.752362452447414,0.01300612572682904,44.192749075591564,0.09592890987756036,32.0,4153.0,measurement,100,4121.0,,0
cs336_basics.model.scaled_dot_product_attention,NVIDIA RTX PRO 6000 Blackwell Server Edition,94.97076416015625,2.11.0+cu128,12.8,float32,False,8,16384,32,False,42,10,100,OK,,,100,100,69.81744315475225,0.040141593098173854,174.23603378236294,0.11354026751845918,64.0,16481.75,measurement,100,16417.75,,0
cs336_basics.model.scaled_dot_product_attention,NVIDIA RTX PRO 6000 Blackwell Server Edition,94.97076416015625,2.11.0+cu128,12.8,float32,False,8,256,64,False,42,10,100,OK,,,100,100,0.22062569856643677,0.05775916514020279,0.5971627682447433,0.14420385327190147,2.0,22.7734375,measurement,100,20.7734375,,0
cs336_basics.model.scaled_dot_product_attention,NVIDIA RTX PRO 6000 Blackwell Server Edition,94.97076416015625,2.11.0+cu128,12.8,float32,False,8,1024,64,False,42,10,100,OK,,,100,100,0.3004881739616394,0.11981963771111662,0.7022245600819588,0.14399066665097524,8.0,90.34375,measurement,100,82.34375,,0
cs336_basics.model.scaled_dot_product_attention,NVIDIA RTX PRO 6000 Blackwell Server Edition,94.97076416015625,2.11.0+cu128,12.8,float32,False,8,4096,64,False,42,10,100,OK,,,100,100,4.732229001820087,0.009474505898873012,11.485803239047527,0.10583748166333529,32.0,1080.625,measurement,100,1048.625,,0
cs336_basics.model.scaled_dot_product_attention,NVIDIA RTX PRO 6000 Blackwell Server Edition,94.97076416015625,2.11.0+cu128,12.8,float32,False,8,8192,64,False,42,10,100,OK,,,100,100,18.241773769259453,0.056224707437947705,44.968369491398335,0.10853518227131631,64.0,4193.0,measurement,100,4129.0,,0
cs336_basics.model.scaled_dot_product_attention,NVIDIA RTX PRO 6000 Blackwell Server Edition,94.97076416015625,2.11.0+cu128,12.8,float32,False,8,16384,64,False,42,10,100,OK,,,100,100,71.9203508272767,0.053798299311352965,176.7012981325388,0.1273798383972933,128.0,16561.75,measurement,100,16433.75,,0
cs336_basics.model.scaled_dot_product_attention,NVIDIA RTX PRO 6000 Blackwell Server Edition,94.97076416015625,2.11.0+cu128,12.8,float32,False,8,256,128,False,42,10,100,OK,,,100,100,0.257817767560482,0.04378929354321468,0.6401347741484642,0.16665737235557815,4.0,25.2734375,measurement,100,21.2734375,,0
cs336_basics.model.scaled_dot_product_attention,NVIDIA RTX PRO 6000 Blackwell Server Edition,94.97076416015625,2.11.0+cu128,12.8,float32,False,8,1024,128,False,42,10,100,OK,,,100,100,0.323316790163517,0.03313926309736396,0.8519990369677544,0.061236517240375835,16.0,100.34375,measurement,100,84.34375,,0
cs336_basics.model.scaled_dot_product_attention,NVIDIA RTX PRO 6000 Blackwell Server Edition,94.97076416015625,2.11.0+cu128,12.8,float32,False,8,4096,128,False,42,10,100,OK,,,100,100,5.777605846524239,0.10674749821918282,13.516474440693855,0.06949216775970786,64.0,1120.625,measurement,100,1056.625,,0
cs336_basics.model.scaled_dot_product_attention,NVIDIA RTX PRO 6000 Blackwell Server Edition,94.97076416015625,2.11.0+cu128,12.8,float32,False,8,8192,128,False,42,10,100,OK,,,100,100,22.276650220155716,0.05721830634483866,51.564468294382095,0.11195961959011734,128.0,4273.0,measurement,100,4145.0,,0
cs336_basics.model.scaled_dot_product_attention,NVIDIA RTX PRO 6000 Blackwell Server Edition,94.97076416015625,2.11.0+cu128,12.8,float32,False,8,16384,128,False,42,10,100,OK,,,100,100,88.5582984238863,0.07940934856596049,204.3819211050868,0.13519535399766028,256.0,16721.75,measurement,100,16465.75,,0
