backend,world_size,tensor_MB,avg_ms,max_ms
nccl,2,1,0.07118824869394302,0.0712420791387558
nccl,4,1,0.11287117376923561,0.1145537942647934
nccl,6,1,0.12362301349639891,0.12475289404392242
nccl,2,10,0.37030167877674103,0.3717780113220215
nccl,4,10,0.582620594650507,0.5868051201105118
nccl,6,10,0.6820683057109515,0.6893187761306763
nccl,2,100,3.4418508410453796,3.4431710839271545
nccl,4,100,5.609848070889711,5.6119754910469055
nccl,6,100,6.828471583624681,6.830315291881561
nccl,2,1024,34.025068022310734,34.0389434248209
nccl,4,1024,59.033901523798704,59.03933942317963
nccl,6,1024,70.66466162602107,70.6724688410759
