iteration,train_loss,validation_loss,learning_rate,gradient_norm_before_clip,elapsed_seconds
1,15.004793167114258,16.155281162261964,0.0,65.5660400390625,1.6343192999920575
10,13.245810508728027,,1.8e-05,38.97684097290039,3.3179455999925267
20,12.023181915283203,,3.8e-05,35.77190017700195,5.188277399996878
30,11.154479026794434,,5.8e-05,36.035518646240234,7.05328439999721
40,9.690267562866211,,7.8e-05,17.218446731567383,8.917786099991645
50,7.961489677429199,,9.800000000000001e-05,15.454160690307617,10.778243799999473
60,6.295772075653076,,0.00011800000000000001,7.7684831619262695,12.645242300000973
70,6.132723808288574,,0.00013800000000000002,15.785711288452148,14.520211399998516
80,5.22670316696167,,0.000158,3.52422833442688,16.393396699990262
90,5.127847671508789,,0.000178,6.38115119934082,18.268016699992586
100,4.76646089553833,,0.00019800000000000002,2.5941545963287354,20.141909899990424
110,4.669328689575195,,0.00021799999999999999,3.934692144393921,22.02119369999855
120,4.365593433380127,,0.000238,2.5748424530029297,23.900906299997587
130,4.266283988952637,,0.000258,2.501316785812378,25.78155250000418
140,4.182397842407227,,0.00027800000000000004,2.918358087539673,27.663486199991894
150,4.056950569152832,,0.000298,2.069429636001587,29.548282199990354
160,3.882957935333252,,0.00031800000000000003,1.867537260055542,31.431386700001894
170,3.6984610557556152,,0.00033800000000000003,1.9975574016571045,33.31138749999809
180,3.6968369483947754,,0.000358,1.8578506708145142,35.19342680000409
190,3.639946937561035,,0.000378,2.866580009460449,37.07623959999182
200,3.5321707725524902,,0.000398,1.7503774166107178,38.962193400002434
210,3.3978703022003174,,0.00041799999999999997,1.6666796207427979,40.84753099999216
220,3.36501145362854,,0.000438,1.66839599609375,42.73601300000155
230,3.3473169803619385,,0.000458,1.8534256219863892,44.62741119999555
240,3.42618465423584,,0.000478,1.893671989440918,46.51842670000042
250,3.3473095893859863,,0.000498,1.4947144985198975,48.406761199992616
260,3.3428683280944824,,0.000518,1.8944885730743408,50.29828989999078
270,3.1966590881347656,,0.0005380000000000001,1.6549359560012817,52.19196640000155
280,3.185708999633789,,0.000558,1.6019335985183716,54.08440009999322
290,3.1170177459716797,,0.000578,1.9685417413711548,55.97527529999206
300,3.1342546939849854,,0.000598,1.4955127239227295,57.86921550000261
310,3.1009531021118164,,0.000618,1.6472015380859375,59.76236019999487
320,3.0004191398620605,,0.000638,1.5805305242538452,61.65880599999218
330,2.9143075942993164,,0.0006580000000000001,1.3259453773498535,63.55530209999415
340,3.1509242057800293,,0.000678,1.4725935459136963,65.45316679999814
350,2.816136360168457,,0.000698,1.4097787141799927,67.35179349999817
360,3.084523916244507,,0.000718,1.2720140218734741,69.25094529999478
370,2.9897069931030273,,0.0007379999999999999,1.2558938264846802,71.15116929999203
380,3.0532426834106445,,0.000758,1.4404982328414917,73.05366039999353
390,2.850647449493408,,0.000778,1.250599980354309,74.9542736000003
400,2.9580559730529785,,0.000798,1.2191985845565796,76.85825720000139
410,3.0377542972564697,,0.000818,1.2744014263153076,78.75811749999411
420,2.8616600036621094,,0.000838,1.2614319324493408,80.6618490999972
430,2.8865349292755127,,0.000858,1.2003093957901,82.5654377000028
440,2.942822217941284,,0.000878,1.1183488368988037,84.47045480000088
450,2.7367560863494873,,0.000898,1.0897166728973389,86.37883149999834
460,2.9537079334259033,,0.0009180000000000001,1.0861464738845825,88.28289079999377
470,2.7884788513183594,,0.000938,1.1040645837783813,90.1893332000036
480,2.787318706512451,,0.0009580000000000001,1.1726065874099731,92.09325059999537
490,2.830155372619629,,0.000978,1.1736952066421509,94.00043420000293
500,2.7216649055480957,2.7556197881698608,0.000998,1.0712449550628662,97.1592268999957
510,2.8721837997436523,,0.0009999980069428538,1.0758320093154907,99.06788089999463
520,2.8965156078338623,,0.0009999911173852617,1.206243872642517,100.97472749999724
530,2.7117867469787598,,0.0009999793067969047,1.0855982303619385,102.8791271999944
540,2.7268080711364746,,0.0009999625753069417,1.0193887948989868,104.78586489999725
550,2.7036678791046143,,0.0009999409230983453,1.153696894645691,106.69452170000295
560,2.6708481311798096,,0.000999914350407901,1.0247726440429688,108.6054490999959
570,2.7075748443603516,,0.0009998828575262032,0.9927387833595276,110.51283859999967
580,2.6856026649475098,,0.0009998464447976533,1.0645025968551636,112.4235245000018
590,2.7662453651428223,,0.0009998051126204547,0.8865283727645874,114.33921829999599
600,2.7495434284210205,,0.0009997588614466097,0.9604576230049133,116.25051640000311
610,2.6468019485473633,,0.0009997076917819135,0.8983657360076904,118.16091989999404
620,2.6538429260253906,,0.0009996516041859496,0.9487539529800415,120.07176599999366
630,2.707765579223633,,0.0009995905992720828,0.9176255464553833,121.98421539999254
640,2.678973913192749,,0.0009995246777074534,0.9420290589332581,123.89398059999803
650,2.612813711166382,,0.0009994538402129686,0.9016632437705994,125.80373699999473
660,2.666217803955078,,0.000999378087563296,3.523507595062256,127.71684979999554
670,2.7065813541412354,,0.000999297420586855,1.0366729497909546,129.62836129999778
680,2.6591882705688477,,0.000999211840165806,0.8994761109352112,131.54578119999496
690,2.5101478099823,,0.0009991213472360428,0.9224840402603149,133.4585570999916
700,2.605543375015259,,0.000999025942787182,0.9313361644744873,135.3716507999925
710,2.5150437355041504,,0.0009989256278625513,0.9736682176589966,137.2842066000012
720,2.514409065246582,,0.0009988204035591786,0.9398455023765564,139.19787950000318
730,2.522073745727539,,0.0009987102710277797,1.035597801208496,141.11479809999582
740,3.0356967449188232,,0.0009985952314727467,92.45692443847656,143.02845709999383
750,2.4295897483825684,,0.0009984752861521339,0.8111886382102966,144.94155180000234
760,2.5388405323028564,,0.0009983504363776433,0.8985794186592102,146.85372669999197
770,2.5188865661621094,,0.000998220683514613,0.8514095544815063,148.76336859998992
780,2.6344687938690186,,0.000998086028981999,0.9247118830680847,150.68047110000043
790,2.528573513031006,,0.0009979464742523615,1.05263090133667,152.59623199999623
800,2.5352771282196045,,0.0009978020208518492,0.8802093267440796,154.50687959999777
810,2.479170083999634,,0.0009976526703601811,0.8620705008506775,156.4214084999985
820,2.682239055633545,,0.0009974984244106302,0.9308748245239258,158.33815369999502
830,2.581840991973877,,0.0009973392846900056,0.8448963761329651,160.25242920000164
840,2.704023599624634,,0.0009971752529386335,22.93625259399414,162.16778049999266
850,2.4896411895751953,,0.0009970063309503393,0.8613384962081909,164.08069289999548
860,2.387274742126465,,0.0009968325205724265,0.8446155190467834,165.9931104999996
870,2.5400009155273438,,0.0009966538237056574,0.840508222579956,167.90785000000324
880,2.437589168548584,,0.0009964702423042328,0.8513098955154419,169.82144770000014
890,2.488770008087158,,0.0009962817783757691,0.8193696737289429,171.73518029999104
900,2.3739490509033203,,0.000996088433981278,0.8585930466651917,173.6500759999908
910,2.30560564994812,,0.0009958902112351424,0.8449119329452515,175.56395149999298
920,2.561537265777588,,0.0009956871123050946,0.9011159539222717,177.4760946000024
930,2.413789749145508,,0.000995479139412192,0.8643504977226257,179.3907959999924
940,2.3794639110565186,,0.0009952662948307929,0.8719650506973267,181.3052916000015
950,2.515348434448242,,0.0009950485808885314,0.8321296572685242,183.22150749999855
960,2.4919373989105225,,0.0009948259999662925,0.803000807762146,185.13733219999995
970,2.3367247581481934,,0.0009945985544981854,0.791467010974884,187.0552452999982
980,2.391414165496826,,0.0009943662469715172,0.8247005939483643,188.97314519999782
990,2.379836082458496,,0.000994129079926766,0.7997410297393799,190.88786160000018
1000,2.5055599212646484,2.4443155884742738,0.0009938870559575525,0.8043217062950134,194.05848789999436
1010,2.436234951019287,,0.000993640177710612,0.7884335517883301,195.97417970000242
1020,2.4421916007995605,,0.0009933884478857656,0.8331838846206665,197.8920531999902
1030,2.337186813354492,,0.00099313186923589,0.8065524697303772,199.8088579000032
1040,2.4438107013702393,,0.0009928704445668886,0.7813987731933594,201.72386040000129
1050,2.4098968505859375,,0.0009926041767376595,0.8437895774841309,203.6394847999909
1060,2.3258352279663086,,0.000992333068660065,0.8472477793693542,205.5554681999929
1070,2.4139461517333984,,0.0009920571232988995,0.8112582564353943,207.47405679999792
1080,2.3046631813049316,,0.0009917763436718579,0.8059983849525452,209.39325769999414
1090,2.3439505100250244,,0.0009914907328495003,0.7915148138999939,211.31387659999018
1100,2.3667423725128174,,0.0009912002939552215,0.7847186923027039,213.23166889999993
1110,2.339459180831909,,0.0009909050301652146,0.7463645935058594,215.1440767000022
1120,2.4703311920166016,,0.0009906049447084369,3.323777675628662,217.05887490000168
1130,2.4443106651306152,,0.000990300040866575,0.8184940218925476,218.97385149999172
1140,2.2552340030670166,,0.0009899903219740085,0.8342518210411072,220.88925480000034
1150,2.224182367324829,,0.0009896757914177737,0.7885677218437195,222.80598199999076
1160,2.2861874103546143,,0.0009893564526375262,0.7836385369300842,224.7213699999993
1170,2.2853903770446777,,0.0009890323091255038,0.7825874090194702,226.63740540000435
1180,2.406129837036133,,0.000988703364426488,0.8192043900489807,228.5573502999905
1190,2.351400375366211,,0.0009883696221377651,0.8707408308982849,230.4746146999969
1200,2.2555086612701416,,0.000988031085909088,0.7708823084831238,232.39150939999672
1210,2.3049185276031494,,0.000987687759442634,0.7966022491455078,234.30700899999647
1220,2.196287155151367,,0.0009873396464929662,0.8065263628959656,236.22335059999023
1230,2.3404061794281006,,0.0009869867508669925,0.7658083438873291,238.14082649999182
1240,2.1992411613464355,,0.000986629076423923,0.8028338551521301,240.05731340000057
1250,2.3333559036254883,,0.0009862666270752276,0.7576639652252197,241.97332160000224
1260,2.305924892425537,,0.0009858994067845949,0.8159272074699402,243.88900670000294
1270,2.2755656242370605,,0.0009855274195678867,0.7754480242729187,245.80351820000215
1280,2.3674511909484863,,0.0009851506694930957,0.79209965467453,247.71921499999007
1290,2.3996453285217285,,0.0009847691606803006,0.7960585355758667,249.63435369999206
1300,2.4222545623779297,,0.0009843828973016204,0.7968072891235352,251.55161670000234
1310,2.3265650272369385,,0.0009839918835811696,0.8069819808006287,253.46718269999838
1320,2.3854823112487793,,0.0009835961237950116,0.812712550163269,255.38125849999778
1330,2.2360386848449707,,0.0009831956222711119,0.7777890563011169,257.3025132999901
1340,2.4002184867858887,,0.0009827903833892913,0.8116022348403931,259.2200957000023
1350,2.1918411254882812,,0.000982380411581177,0.7522450089454651,261.1379919000028
1360,2.1272685527801514,,0.0009819657113301552,0.8147145509719849,263.0550000999938
1370,2.239095687866211,,0.000981546287171321,0.7924643158912659,264.97312929999316
1380,2.4080820083618164,,0.0009811221436914306,0.8242831230163574,266.89046110000345
1390,2.3576667308807373,,0.0009806932855288483,0.7862018942832947,268.80747259999043
1400,2.2584338188171387,,0.0009802597173734987,0.8031284809112549,270.7251391000027
1410,2.2198588848114014,,0.0009798214439668137,5.746041774749756,272.6429552999907
1420,2.295867443084717,,0.000979378470101681,0.7704774737358093,274.5653841000021
1430,2.157752513885498,,0.0009789308006223918,0.7518255114555359,276.4826044999936
1440,2.2649505138397217,,0.0009784784404245877,0.7231834530830383,278.4017281999986
1450,2.3607194423675537,,0.0009780213944552074,1.6635996103286743,280.3195393999922
1460,2.2598259449005127,,0.0009775596677124325,0.7534498572349548,282.23968339999556
1470,2.1426820755004883,,0.0009770932652456326,0.8157060742378235,284.15498279999883
1480,2.2557425498962402,,0.0009766221921553102,0.7359625697135925,286.07230719999643
1490,2.27713942527771,,0.0009761464535930455,0.7328535318374634,287.9892528999917
1500,2.2166755199432373,2.2335472464561463,0.000975666054761439,0.7413979768753052,291.16176799999084
1510,2.2237119674682617,,0.0009751810009140553,0.750266432762146,293.08216179999
1520,2.2131495475769043,,0.0009746912973553657,0.7739123106002808,294.9985696999938
1530,2.169898509979248,,0.0009741969494406897,0.7489954829216003,296.9182546999946
1540,2.13531494140625,,0.000973697962576137,0.7411931753158569,298.8356102999969
1550,2.2647221088409424,,0.000973194342218548,0.7402663230895996,300.75512549999985
1560,2.187415599822998,,0.0009726860938754342,0.7572306990623474,302.6727479999972
1570,2.2122409343719482,,0.000972173223104918,0.7173236608505249,304.5922006000037
1580,2.2856130599975586,,0.0009716557355156721,0.7336251735687256,306.51125909999246
1590,2.136354923248291,,0.0009711336367668578,0.7133668065071106,308.4308355999965
1600,2.202777862548828,,0.0009706069325680635,0.7996065020561218,310.35363539999526
1610,2.139413595199585,,0.0009700756286792417,0.740611732006073,312.2742408999911
1620,2.156947612762451,,0.000969539730910647,0.7442656755447388,314.1883072999917
1630,2.0905468463897705,,0.0009689992451227709,0.710675060749054,316.1059181000019
1640,2.1227076053619385,,0.00096845417722628,0.7335339188575745,318.0220924000023
1650,2.2831625938415527,,0.0009679045331819492,0.7889350056648254,319.9387390999909
1660,2.1476874351501465,,0.0009673503190005977,0.7324501872062683,321.8550708999974
1670,2.207794427871704,,0.000966791540743023,0.7419577836990356,323.77068309999595
1680,2.1204490661621094,,0.0009662282045199346,0.7453713417053223,325.6855091000034
1690,2.126901149749756,,0.0009656603164918874,0.7887700200080872,327.6009236999962
1700,2.230731725692749,,0.0009650878828692136,0.7392793297767639,329.5169503999932
1710,2.2016961574554443,,0.0009645109099119557,0.7508469223976135,331.43302389999735
1720,2.138650894165039,,0.0009639294039297976,0.75648033618927,333.3494633999944
1730,2.2625246047973633,,0.0009633433712819955,0.766753613948822,335.2648770999949
1740,2.1453895568847656,,0.0009627528183773083,0.8103581666946411,337.17772479999985
1750,2.1048946380615234,,0.0009621577516739284,0.7398900389671326,339.0953182999947
1760,2.162370204925537,,0.0009615581776794095,0.737973690032959,341.014084800001
1770,2.0554561614990234,,0.0009609541029505971,0.734464704990387,342.9298088999931
1780,2.2126376628875732,,0.0009603455340935557,0.750762403011322,344.84565789999033
1790,2.4069101810455322,,0.0009597324777634962,0.8021601438522339,346.76138149999315
1800,2.2375807762145996,,0.000959114940664705,0.7225035429000854,348.68038039999374
1810,2.2611377239227295,,0.0009584929295504687,0.7188517451286316,350.5958288999973
1820,2.119758129119873,,0.0009578664512230014,0.7112353444099426,352.51148939999985
1830,2.2746434211730957,,0.0009572355125333692,0.736362874507904,354.4262175999902
1840,2.0503642559051514,,0.0009566001203814169,0.720167875289917,356.34191249999276
1850,2.105034828186035,,0.0009559602817156913,0.7104308605194092,358.2586480000027
1860,2.079084873199463,,0.0009553160035333654,0.7440499067306519,360.17183900000236
1870,2.200618267059326,,0.0009546672928801623,0.7474052309989929,362.08804390000296
1880,2.1452536582946777,,0.0009540141568502774,0.7367666363716125,364.0034585999965
1890,2.082089424133301,,0.0009533566025863023,0.7270307540893555,365.92191679999814
1900,2.117607355117798,,0.0009526946372791447,0.7178559899330139,367.839241099995
1910,2.1881871223449707,,0.0009520282681679511,0.7105816602706909,369.7543608999986
1920,2.1154625415802,,0.0009513575025400275,0.7007240653038025,371.67228509999404
1930,2.1619207859039307,,0.0009506823477307592,0.7031968235969543,373.58792910000193
1940,2.022611379623413,,0.0009500028111235312,0.713083803653717,375.5041307999927
1950,2.1688232421875,,0.000949318900149647,0.7133073210716248,377.4203637000028
1960,2.1475000381469727,,0.0009486306222882471,0.7045615911483765,379.3358567999967
1970,2.114140272140503,,0.0009479379850662281,0.7445281147956848,381.25070140000025
1980,2.196260452270508,,0.0009472409960581599,0.7303035259246826,383.16735839999455
1990,2.1369807720184326,,0.0009465396628862022,0.7169026136398315,385.0849490999972
2000,2.1952219009399414,2.1443580031394958,0.0009458339932200227,0.7268041968345642,388.2564721999952
2010,2.2247562408447266,,0.0009451239947767114,0.7135691046714783,390.1636661999946
2020,2.2995758056640625,,0.0009444096753206977,0.7404926419258118,392.0864501000033
2030,2.2454895973205566,,0.0009436910426636648,0.7413552403450012,394.00471110000217
2040,2.113271713256836,,0.0009429681046644641,0.6938779950141907,395.93012449999515
2050,2.1416001319885254,,0.0009422408692290299,0.6703951358795166,397.8478802000027
2060,2.1281533241271973,,0.0009415093443102924,0.6914275884628296,399.7848185999901
2070,2.003060817718506,,0.0009407735379080908,0.6816046833992004,401.71646379999584
2080,2.18689227104187,,0.000940033458069086,0.684181272983551,403.64069620000373
2090,2.0743870735168457,,0.0009392891128866728,0.7369786500930786,405.56876439999905
2100,2.1390304565429688,,0.0009385405105008907,0.7440065145492554,407.4984979000001
2110,2.1208691596984863,,0.0009377876590983353,0.7345216870307922,409.44500159999006
2120,2.2531700134277344,,0.0009370305669120692,0.7066338658332825,411.3782715999987
2130,2.225576400756836,,0.0009362692422215311,0.6727710962295532,413.3070252000034
2140,2.2966227531433105,,0.000935503693352446,0.702826976776123,415.24263880000217
2150,2.1391375064849854,,0.0009347339286767334,0.9884783029556274,417.1717954999913
2160,2.2414028644561768,,0.0009339599566124166,0.7051551342010498,419.1140192000021
2170,2.1057522296905518,,0.0009331817856235301,0.7626529335975647,421.0468230999977
2180,2.191556453704834,,0.0009323994242200273,0.7295404076576233,422.9914542000042
2190,2.046710729598999,,0.0009316128809576869,0.9329016804695129,424.92612219999137
2200,2.2371981143951416,,0.0009308221644380202,0.7374840974807739,426.88313869999547
2210,2.039158344268799,,0.0009300272833081763,0.7319430112838745,428.8115342999954
2220,342.18951416015625,,0.0009292282462608479,283801.40625,430.7525689000031
2230,2.1587657928466797,,0.0009284250620341762,0.7137693166732788,432.6854089999979
2240,2.203784942626953,,0.000927617739411655,0.7653611898422241,434.6305551999976
2250,2.269315719604492,,0.0009268062872220353,0.7235568761825562,436.564077899995
2260,2.113515853881836,,0.0009259907143392283,0.6825141310691833,438.5071995000035
2270,2.1174561977386475,,0.0009251710296822085,1.7838387489318848,440.4386591999937
2280,2.211578607559204,,0.0009243472422149155,0.7414789795875549,442.3876886999933
2290,2.1866862773895264,,0.0009235193609461577,0.7175426483154297,444.33774540000013
2300,2.1934823989868164,,0.0009226873949295115,0.7186938524246216,446.27542520000134
2310,2.107753038406372,,0.0009218513532632241,0.753070592880249,448.2156121000007
2320,2.0862038135528564,,0.0009210112450901134,0.7245501279830933,450.1695297999977
2330,1.9070711135864258,,0.0009201670795974676,0.6748320460319519,452.11174009999377
2340,1.8972549438476562,,0.0009193188660169452,0.6974795460700989,454.0483414999908
2350,2.062364101409912,,0.0009184666136244743,0.7098357677459717,455.9939591000002
2360,2.0632987022399902,,0.0009176103317401502,0.7034071087837219,457.94494020000275
2370,2.0348429679870605,,0.0009167500297281348,0.6764907836914062,459.88804629999504
2380,2.1541144847869873,,0.0009158857169965528,0.700622022151947,461.82044509999105
2390,2.1618900299072266,,0.0009150174029973896,0.7213308811187744,463.76252530000056
2400,2.8709731101989746,,0.0009141450972263885,56.98274612426758,465.6952195999911
2410,2.128386974334717,,0.0009132688092229451,0.7027971744537354,467.65363980000257
2420,2.1361160278320312,,0.0009123885485700048,0.680125892162323,469.58799129999534
2430,2.0472652912139893,,0.0009115043248939574,0.6786808967590332,471.53002639999613
2440,2.0928359031677246,,0.0009106161478645308,0.6890555620193481,473.45769549999386
2450,2.2094340324401855,,0.000909724027194687,0.7458385229110718,475.39681589999236
2460,2.1662445068359375,,0.0009088279726405148,0.6652917861938477,477.3260910999961
2470,1.948869228363037,,0.0009079279940011232,0.6994867920875549,479.2710912999901
2480,2.0972726345062256,,0.0009070241011185342,0.7398592829704285,481.20941680000396
2490,2.1041624546051025,,0.0009061163038775756,0.7168010473251343,483.1547722999967
2500,2.127272844314575,2.084961348772049,0.0009052046122057728,0.7660223245620728,486.35752589999174
2510,2.061452865600586,,0.0009042890360732397,0.7039554119110107,488.49296809999214
2520,2.086121082305908,,0.0009033695854925703,0.7112042307853699,490.4155835999991
2530,2.0264077186584473,,0.0009024462705187286,0.6969352960586548,492.33146770000167
2540,2.1716694831848145,,0.0009015191012489396,0.7072160243988037,494.2607097
2550,1.9856784343719482,,0.0009005880878225775,0.6698020696640015,496.1806765999936
2560,2.109111785888672,,0.0008996532404210562,0.7037582993507385,498.1109836999967
2570,2.0967373847961426,,0.0008987145692677171,0.7104628086090088,500.0389829999913
2580,2.0813608169555664,,0.0008977720846277174,0.7143568396568298,501.96616260000155
2590,2.196293592453003,,0.0008968257968079184,0.7097435593605042,503.90392989999964
2600,2.093796968460083,,0.0008958757161567718,0.7145374417304993,505.8272561999911
2610,2.0482773780822754,,0.0008949218530642074,0.6790370941162109,507.7632530999981
2620,2.020456314086914,,0.0008939642179615194,0.6824506521224976,509.7006466000021
2630,1.9913040399551392,,0.0008930028213212517,0.7353733777999878,511.6371960999968
2640,2.0417699813842773,,0.0008920376736570839,0.6713219881057739,513.5609667999961
2650,2.2330901622772217,,0.0008910687855237162,0.7260168790817261,515.502694499999
2660,2.072801113128662,,0.0008900961675167543,0.6904355883598328,517.4418979000038
2670,1.9950840473175049,,0.0008891198302725925,0.6633216738700867,519.3803445999947
2680,2.084383249282837,,0.0008881397844682985,0.6981492042541504,521.3243561999989
2690,2.053471088409424,,0.0008871560408214965,0.7100043296813965,523.2476157999918
2700,2.0754003524780273,,0.0008861686100902494,0.7382971048355103,525.1826185999962
2710,1.9731392860412598,,0.0008851775030729411,0.63866126537323,527.1119947999978
2720,2.0191402435302734,,0.0008841827306081594,0.7217873334884644,529.0484341999982
2730,2.107468366622925,,0.0008831843035745766,0.7603387832641602,530.9760464999999
2740,1.9772330522537231,,0.0008821822328908308,0.654531717300415,532.9183923999954
2750,1.9239691495895386,,0.0008811765295154065,0.6960995197296143,534.8648581000016
2760,2.116462469100952,,0.0008801672044465144,0.6917548775672913,536.7954621999961
2770,2.120973587036133,,0.000879154268721972,0.7049041390419006,538.7403472000005
2780,1.9855707883834839,,0.0008781377334190821,0.6802754402160645,540.67246229999
2790,2.0626258850097656,,0.0008771176096545116,0.6928876042366028,542.6144166000013
2800,1.971774697303772,,0.000876093908584171,0.6755749583244324,544.5448543999955
2810,2.0459728240966797,,0.000875066641403091,0.6721029877662659,546.4940161999984
2820,2.0490975379943848,,0.0008740358193453008,0.6887022256851196,548.4262158999918
2830,1.9292902946472168,,0.0008730014536837055,0.685987114906311,550.3753885999904
2840,2.0043678283691406,,0.000871963555729962,0.6496000289916992,552.3052124999958
2850,2.0359270572662354,,0.0008709221368343562,0.6963053345680237,554.2516517999902
2860,1.9358549118041992,,0.0008698772083856782,0.679531991481781,556.1757475999912
2870,1.9964115619659424,,0.0008688287818110983,0.6850113272666931,558.1116699999984
2880,1.9304893016815186,,0.0008677768685760413,0.6620236039161682,560.0449114999938
2890,2.006779670715332,,0.0008667214801840619,0.690673828125,561.9746816999977
2900,2.0800509452819824,,0.0008656626281767184,0.6774721145629883,563.9288936999947
2910,1.9794981479644775,,0.0008646003241334468,0.671677827835083,565.8647783999913
2920,2.0934762954711914,,0.000863534579671434,0.714959979057312,567.801284599991
2930,2.0612921714782715,,0.0008624654064454906,0.6672133207321167,569.7315500999975
2940,1.9343643188476562,,0.0008613928161479237,0.7124419808387756,571.6655365999904
2950,2.0076985359191895,,0.000860316820508409,0.6800368428230286,573.5875930000038
2960,2.003038167953491,,0.0008592374312938623,0.663402259349823,575.531793999995
2970,2.0062460899353027,,0.000858154660308311,0.673236072063446,577.4570609999937
2980,2.0487608909606934,,0.0008570685193927655,0.6806519031524658,579.3881527999911
2990,1.993027925491333,,0.0008559790204250887,0.6590208411216736,581.3282703000004
3000,1.988949179649353,2.044504237174988,0.0008548861753198666,0.6730384230613708,584.5267082999926
3010,1.9660437107086182,,0.0008537899960282784,0.7234137058258057,586.4629447999905
3020,2.0737266540527344,,0.000852690494537965,0.6982287168502808,588.3987196999951
3030,1.9802772998809814,,0.0008515876828728986,0.7084892392158508,590.3291405999917
3040,2.115279197692871,,0.000850481573093251,0.68864506483078,592.2633904999966
3050,2.028671979904175,,0.0008493721772952613,0.6727441549301147,594.2003090999933
3060,2.044157028198242,,0.0008482595076111045,0.7047509551048279,596.1292803999968
3070,2.041011333465576,,0.000847143576208758,0.6690411567687988,598.0706802999921
3080,1.944433569908142,,0.0008460243952918685,0.6651546955108643,599.9956956999958
3090,2.0739152431488037,,0.0008449019770996193,0.6679136157035828,601.9236904999998
3100,2.020920753479004,,0.0008437763339065962,0.6687827706336975,603.8541003999999
3110,2.1377835273742676,,0.0008426474780226526,0.7236671447753906,605.7745939000015
3120,1.8900203704833984,,0.0008415154217927755,0.6957094669342041,607.7154473999981
3130,1.8754642009735107,,0.0008403801775969508,0.6706048250198364,609.649530900002
3140,2.0098822116851807,,0.0008392417578500268,0.6834331154823303,611.5901690000028
3150,2.0122432708740234,,0.0008381001750015795,0.6458937525749207,613.5111214999924
3160,2.071343183517456,,0.0008369554415357762,0.6893779039382935,615.4434809999948
3170,2.087435722351074,,0.0008358075699712385,0.7016775012016296,617.3808214000019
3180,2.0660195350646973,,0.0008346565728609061,0.6888031959533691,619.3344482999964
3190,2.1124556064605713,,0.0008335024627918988,0.7025850415229797,621.271001599991
3200,1.8926067352294922,,0.0008323452523853796,0.6922997832298279,623.1987345999951
3210,2.028167963027954,,0.0008311849542964161,0.6668742895126343,625.1364190000022
3220,2.1051864624023438,,0.000830021581213842,0.6849340796470642,627.0657527000003
3230,2.0507259368896484,,0.0008288551458601194,0.7119126915931702,629.005765199996
3240,2.1346750259399414,,0.0008276856609911982,0.6880171895027161,630.9382149000012
3250,1.9407973289489746,,0.0008265131393963775,0.6630234122276306,632.8781130999996
3260,1.917415976524353,,0.0008253375938981656,0.6719938516616821,634.8075665999932
3270,2.0144124031066895,,0.0008241590373521399,0.6724016666412354,636.7605438000028
3280,2.0454630851745605,,0.0008229774826468059,0.6807267665863037,638.6950273999973
3290,1.9074221849441528,,0.0008217929427034565,0.6470916271209717,640.6313380999927
3300,2.0159096717834473,,0.0008206054304760309,0.6646902561187744,642.5741597000015
3310,1.982545018196106,,0.0008194149589509722,0.6645358204841614,644.5025613000034
3320,1.937056541442871,,0.0008182215411470867,0.6529517769813538,646.4427041000017
3330,2.071911573410034,,0.0008170251901154,0.6704411506652832,648.3762849999912
3340,2.0737948417663574,,0.0008158259189390154,0.6575364470481873,650.3250585999922
3350,2.0446295738220215,,0.0008146237407329706,0.6848568320274353,652.2600655999995
3360,2.0845580101013184,,0.0008134186686440934,0.6776544451713562,654.2143174999946
3370,1.9519728422164917,,0.0008122107158508593,0.6664753556251526,656.1468210000021
3380,1.9687573909759521,,0.0008109998955632466,0.7054012417793274,658.089423700003
3390,1.9723129272460938,,0.0008097862210225918,0.6824989914894104,660.022370199993
3400,2.0405242443084717,,0.0008085697055014454,0.6902562975883484,661.971919100004
3410,1.956873893737793,,0.0008073503623034262,0.6600738167762756,663.8965982999944
3420,1.9903521537780762,,0.000806128204763076,0.6843811273574829,665.8318795999949
3430,2.001328468322754,,0.0008049032462457139,0.661715030670166,667.7624687999923
3440,1.987109661102295,,0.0008036755001472898,0.6911776065826416,669.6985160999902
3450,2.0261683464050293,,0.0008024449798942387,1.114366888999939,671.6407951000001
3460,1.9499895572662354,,0.0008012116989433327,0.7423260807991028,673.5726058
3470,2.0595297813415527,,0.0007999756707815346,0.6912867426872253,675.5144871999946
3480,1.8773736953735352,,0.0007987369089258507,0.6961851716041565,677.4550072999991
3490,2.0652337074279785,,0.0007974954269231818,0.732978105545044,679.38976369999
3500,2.02964186668396,18.586714297533035,0.0007962512383501764,0.6619548797607422,682.596719299996
3510,2.0182690620422363,,0.0007950043568130812,0.6673240661621094,684.5459599000023
3520,1.9793031215667725,,0.0007937547959475932,0.6760527491569519,686.481423499994
3530,1.9762648344039917,,0.0007925025694187096,0.6730873584747314,688.4224760999932
3540,1.9593772888183594,,0.0007912476909205792,4.402045726776123,690.349137600002
3550,2.0339622497558594,,0.0007899901741763522,0.6705334782600403,692.2846509999945
3560,2.0511250495910645,,0.0007887300329380303,0.7024171352386475,694.217533899995
3570,1.9535719156265259,,0.0007874672809863162,0.67818284034729,696.1560163999966
3580,2.0854313373565674,,0.0007862019321304627,0.8431336283683777,698.0981721999997
3590,2.0101375579833984,,0.0007849340002081224,0.6771255135536194,700.0366895999905
3600,2.060260534286499,,0.0007836634990851956,0.6854731440544128,701.9639339999994
3610,1.9226386547088623,,0.0007823904426556788,0.6997146606445312,703.900684399996
3620,1.921065092086792,,0.0007811148448415134,0.6688628792762756,705.8292067000002
3630,1.9910755157470703,,0.000779836719592433,0.6909720301628113,707.757501
3640,1.9848814010620117,,0.00077855608088581,0.666372537612915,709.691321899998
3650,1.9733660221099854,,0.0007772729427265044,0.6751574277877808,711.6195674999908
3660,1.8879692554473877,,0.0007759873191467094,0.6625536680221558,713.5529799999931
3670,1.937406301498413,,0.0007746992242057987,0.6580125689506531,715.4804464999906
3680,1.8542741537094116,,0.000773408671990172,0.6791176795959473,717.4188759999961
3690,1.9808441400527954,,0.0007721156766131017,0.681754469871521,719.3516560999997
3700,1.926051378250122,,0.000770820252214578,0.678036093711853,721.2840850999928
3710,1.9664502143859863,,0.0007695224129611546,0.6752681732177734,723.2208494999941
3720,1.906876802444458,,0.0007682221730457937,0.7020759582519531,725.1425640999951
3730,1.9472688436508179,,0.0007669195466877105,0.6529668569564819,727.0812571999995
3740,1.9393889904022217,,0.0007656145481322186,0.657773494720459,729.0080258999951
3750,1.9608744382858276,,0.0007643071916505727,0.7273529767990112,730.9382028999971
3760,1.9458820819854736,,0.0007629974915398138,0.6784281134605408,732.8743897999957
3770,1.9798388481140137,,0.0007616854621226129,0.6739277839660645,734.8057647999958
3780,1.9408493041992188,,0.000760371117747113,0.697783887386322,736.7391887999984
3790,2.0313849449157715,,0.000759054472786774,0.7017938494682312,738.6714657999983
3800,1.97086501121521,,0.000757735541640214,0.6892955899238586,740.6062600000005
3810,1.9445425271987915,,0.0007564143387310529,0.674472451210022,742.536482800002
3820,1.961524486541748,,0.0007550908785077539,0.6562371850013733,744.4706340999983
3830,1.9885997772216797,,0.000753765175443466,0.6906601786613464,746.409398799995
3840,1.9359909296035767,,0.0007524372440358655,0.6632380485534668,748.3425005000026
3850,2.015583038330078,,0.0007511070988069974,0.6835914254188538,750.2805590999924
3860,1.9865127801895142,,0.0007497747543031172,0.6546108722686768,752.2117379999981
3870,1.7933056354522705,,0.0007484402250945308,0.6531683206558228,754.1403709000006
3880,2.038757562637329,,0.0007471035257754353,0.7253682017326355,756.0670282999927
3890,2.096254825592041,,0.0007457646709637609,0.6764234304428101,757.9993633999984
3900,2.01688551902771,,0.000744423675301009,0.657257080078125,759.9287745000038
3910,1.978024959564209,,0.0007430805534520936,0.6641789078712463,761.8608776000037
3920,1.883288025856018,,0.0007417353201051798,0.6800239682197571,763.7930985999992
3930,1.926897406578064,,0.000740387989971524,0.6606700420379639,765.7218808000034
3940,1.9150012731552124,,0.0007390385777853129,0.6760459542274475,767.6605639999907
3950,1.9612865447998047,,0.0007376870983035016,0.6834670901298523,769.5826105000015
3960,2.0552940368652344,,0.0007363335663056536,0.6783852577209473,771.514219699995
3970,1.9536845684051514,,0.0007349779965937775,0.7135584950447083,773.4509507999901
3980,1.9859189987182617,,0.0007336204039921668,0.6714832186698914,775.384235599995
3990,1.8919005393981934,,0.0007322608033472368,0.6476492285728455,777.3057944000029
4000,2.002534866333008,1.8946482837200165,0.0007308992095273621,0.6691672801971436,780.496489600002
4010,1.9535191059112549,,0.0007295356374227146,0.6651061773300171,782.4290219999966
4020,1.9004006385803223,,0.0007281701019451004,0.6614967584609985,784.3574265999923
4030,2.002171039581299,,0.0007268026180277966,0.6942837834358215,786.2928437999944
4040,1.9517937898635864,,0.0007254332006253884,0.6727263331413269,788.214888699993
4050,1.9838290214538574,,0.0007240618647136051,0.6951795816421509,790.1524551999901
4060,1.8695013523101807,,0.0007226886252891564,0.6906381845474243,792.0779683000001
4070,2.0248944759368896,,0.0007213134973695687,0.6861606240272522,794.0090624000004
4080,1.8323431015014648,,0.0007199364959930206,0.633659839630127,795.9453372999997
4090,2.078235149383545,,0.0007185576362181787,0.6620674729347229,797.870640299996
4100,1.858929991722107,,0.0007171769331240324,0.6627622246742249,799.8086946999974
4110,1.8465993404388428,,0.0007157944018097294,0.6495481133460999,801.7339872000011
4120,1.8545618057250977,,0.0007144100573944109,0.6695668697357178,803.6760428999987
4130,1.8277956247329712,,0.0007130239150170457,0.6670151948928833,805.6034530000034
4140,1.935840368270874,,0.0007116359898362643,0.6530900001525879,807.5397004999977
4150,1.9323359727859497,,0.0007102462970301947,0.6667347550392151,809.4887243999983
4160,1.9733818769454956,,0.0007088548517962945,0.6453669667243958,811.4268320999981
4170,1.833362102508545,,0.0007074616693511857,0.6412572860717773,813.3559165999905
4180,1.8527641296386719,,0.0007060667649304885,0.6643664836883545,815.2888201000023
4190,2.0314831733703613,,0.0007046701537886541,9.727280616760254,817.2148211000022
4200,1.9553582668304443,,0.0007032718511987984,0.6637910008430481,819.1453435000003
4210,2.0579757690429688,,0.0007018718724525342,0.7177198529243469,821.0781011999934
4220,2.1325016021728516,,0.0007004702328598049,0.6821052432060242,823.0088666999945
4230,2.019084930419922,,0.0006990669477487165,0.6722540855407715,824.9476035999978
4240,1.833093285560608,,0.0006976620324653702,0.6582702994346619,826.8757896000025
4250,1.7950741052627563,,0.0006962555023736943,0.6408942341804504,828.8021885999915
4260,1.8998459577560425,,0.0006948473728552766,0.6684436798095703,830.7383143000043
4270,1.9131433963775635,,0.0006934376593091961,0.6730616688728333,832.6680437000032
4280,1.9348597526550293,,0.000692026377151854,0.6602515578269958,834.6088508999965
4290,1.7665636539459229,,0.0006906135418168061,0.6545859575271606,836.533758599995
4300,1.8901293277740479,,0.0006891991687545933,0.685674786567688,838.4684246999968
4310,1.9594173431396484,,0.0006877832734325726,0.7032478451728821,840.4057507999969
4320,1.8887107372283936,,0.0006863658713347484,0.6630010008811951,842.3325971000013
4330,1.8265682458877563,,0.000684946977961603,0.6648038625717163,844.2705948999937
4340,1.8882567882537842,,0.0006835266088299271,0.6792339086532593,846.2115903999947
4350,1.8207303285598755,,0.0006821047794726498,0.6372157335281372,848.1531173999974
4360,1.8760343790054321,,0.0006806815054386694,0.6550866961479187,850.0807228999911
4370,1.9040522575378418,,0.0006792568022926825,0.6590704321861267,852.0247193999967
4380,1.877490520477295,,0.0006778306856150144,0.6800947785377502,853.9527108000038
4390,1.8793472051620483,,0.0006764031710014487,0.6619461178779602,855.8871736000001
4400,1.862166404724121,,0.0006749742740630567,0.6480635404586792,857.8169590000034
4410,1.9435840845108032,,0.0006735440104260259,0.7104224562644958,859.7478453999938
4420,1.8695769309997559,,0.0006721123957314909,0.6830880045890808,861.6782008000009
4430,1.810192346572876,,0.0006706794456353601,0.6770917177200317,863.6079830999952
4440,1.8481149673461914,,0.0006692451758081465,0.642436683177948,865.5410887000035
4450,1.831175684928894,,0.0006678096019347949,0.64854896068573,867.4654165999964
4460,2.061976909637451,,0.0006663727397145113,0.6707911491394043,869.3973188999953
4470,1.871126651763916,,0.0006649346048605909,0.679685115814209,871.3268826999993
4480,1.8231831789016724,,0.0006634952131002458,0.7229624390602112,873.2497621999937
4490,1.8710304498672485,,0.0006620545801744338,0.6809563040733337,875.1858175999951
4500,2.0589771270751953,1.8671909868717194,0.0006606127218376856,0.7089067101478577,878.3766368999932
4510,1.90863037109375,,0.0006591696538579334,0.6744565963745117,880.306854800001
4520,1.8640145063400269,,0.000657725392016337,0.6885104179382324,882.2243115000019
4530,1.8707722425460815,,0.0006562799521071126,0.6874792575836182,884.1687949999905
4540,1.8606911897659302,,0.0006548333499373595,0.6782827377319336,886.0966826999938
4550,1.8961739540100098,,0.0006533856013268874,0.7040656805038452,888.0310727000033
4560,1.9048006534576416,,0.0006519367221080429,0.6768459677696228,889.9599199999939
4570,2.045269250869751,,0.0006504867281255371,0.6932280659675598,891.889986299997
4580,1.885802984237671,,0.0006490356352362722,0.6394060850143433,893.8227817000006
4590,1.7765560150146484,,0.000647583459309167,0.6992771625518799,895.7470859000023
4600,1.9051895141601562,,0.0006461302162249849,0.668715238571167,897.6826491999964
4610,1.8882510662078857,,0.0006446759218761599,0.6798136830329895,899.6061974999902
4620,1.914955735206604,,0.0006432205921666215,0.6830963492393494,901.5368278999958
4630,1.8738257884979248,,0.0006417642430116226,0.6597801446914673,903.4713198999962
4640,1.8940781354904175,,0.0006403068903375639,0.6619102358818054,905.3904772999958
4650,1.8080694675445557,,0.000638848550081821,0.7288646697998047,907.3190803000034
4660,1.8486864566802979,,0.0006373892381925692,0.676035463809967,909.2444732000004
4670,1.810504674911499,,0.0006359289706286094,0.6481463313102722,911.1675486000022
4680,1.824803352355957,,0.000634467763359194,0.6549198627471924,913.0957992999902
4690,1.9475840330123901,,0.0006330056323638513,0.6799606084823608,915.019555699997
4700,1.823243498802185,,0.0006315425936322119,0.666895866394043,916.952861999991
4710,1.8544180393218994,,0.0006300786631638327,0.685104489326477,918.8710371999914
4720,1.8497968912124634,,0.0006286138569680229,0.66228187084198,920.8027998000034
4730,1.8133084774017334,,0.0006271481910636685,0.6733643412590027,922.7244621999998
4740,1.967036247253418,,0.0006256816814790566,0.6688839793205261,924.6453435000003
4750,2.0218396186828613,,0.0006242143442517014,0.7019969820976257,926.5717338999966
4760,2.0053300857543945,,0.0006227461954281678,0.7345046997070312,928.5006613000005
4770,1.8892730474472046,,0.0006212772510638957,0.6788167357444763,930.4236928000028
4780,1.7964146137237549,,0.0006198075272230259,0.6450875401496887,932.3503869999986
4790,1.858170747756958,,0.0006183370399782223,0.7021346688270569,934.2823857000039
4800,1.8538081645965576,,0.0006168658054104982,0.6723304986953735,936.207468099994
4810,1.7995023727416992,,0.000615393839609039,0.6656063199043274,938.12457059999
4820,1.9117441177368164,,0.0006139211586710266,0.6896503567695618,940.053046999994
4830,1.8359010219573975,,0.0006124477787014643,0.6913737654685974,941.971166599993
4840,1.887815237045288,,0.000610973715812999,0.6803094148635864,943.9020203999971
4850,1.7328970432281494,,0.0006094989861257467,0.6725645661354065,945.8365640999982
4860,1.739985704421997,,0.0006080236057671144,0.6701688766479492,947.7658760999911
4870,1.9438190460205078,,0.0006065475908716259,0.7116444110870361,949.6912534000003
4880,1.8924850225448608,,0.0006050709575807431,0.7073434591293335,951.6215946000011
4890,1.9620299339294434,,0.0006035937220426914,0.6916140913963318,953.5425680999906
4900,1.834503173828125,,0.000602115900412282,0.7270001769065857,955.4720892999903
4910,1.718264102935791,,0.0006006375088507353,0.6458158493041992,957.3966865999973
4920,1.927912712097168,,0.0005991585635255048,0.6784875988960266,959.3251240999962
4930,1.692333459854126,,0.0005976790806100994,0.6446985006332397,961.2476146999979
4940,1.7939997911453247,,0.0005961990762839073,0.6704785823822021,963.1794340999913
4950,1.8184551000595093,,0.0005947185667320187,0.6568732857704163,965.1046016000037
4960,1.921893835067749,,0.0005932375681450488,0.6867915987968445,967.0223897999967
4970,1.79080069065094,,0.000591756096718961,0.6532142758369446,968.9627575999912
4980,1.954330325126648,,0.0005902741686548894,0.6833391785621643,970.8870747000037
4990,1.943359136581421,,0.000588791800158962,0.675494372844696,972.8143282999954
5000,1.7943623065948486,1.865362101793289,0.0005873090074421228,0.6521908044815063,976.0057201000018
5010,1.9375206232070923,,0.0005858258067199559,0.6950681805610657,978.1385043999908
5020,1.7851967811584473,,0.0005843422142125065,0.6622189879417419,980.0548979000014
5030,1.7361226081848145,,0.0005828582461441043,0.6591011881828308,981.9693057999975
5040,1.858965277671814,,0.0005813739187431869,0.8618054986000061,983.8851804000005
5050,1.8474957942962646,,0.0005798892482421205,0.672945499420166,985.8008011999918
5060,1.8003358840942383,,0.0005784042508770242,0.6539666056632996,987.7168869000016
5070,1.9608665704727173,,0.000576918942887591,0.7153171896934509,989.632064999998
5080,1.8512170314788818,,0.0005754333405169111,0.6954602003097534,991.5490720999951
5090,1.770344853401184,,0.0005739474600112941,0.6869801878929138,993.465117899992
5100,1.8295743465423584,,0.0005724613176200911,0.666512131690979,995.3801740999916
5110,1.7914786338806152,,0.0005709749295955173,0.6712487936019897,997.2952329999971
5120,1.9289679527282715,,0.000569488312192474,0.6872761845588684,999.2120409999916
5130,1.770146131515503,,0.0005680014816683707,0.6833736300468445,1001.1285556999937
5140,1.874754786491394,,0.0005665144542829481,0.643996000289917,1003.0449082999985
5150,1.8207244873046875,,0.0005650272462980993,0.6855356097221375,1004.9589384999999
5160,1.7797948122024536,,0.0005635398739776926,0.6987780332565308,1006.8719760999957
5170,1.8961344957351685,,0.000562052353587393,0.6925795674324036,1008.7870077999978
5180,1.754226803779602,,0.0005605647013944859,0.6546807289123535,1010.6992843000044
5190,1.883643388748169,,0.000559076933667697,0.7074957489967346,1012.6129474999907
5200,1.9095215797424316,,0.0005575890666770156,0.7046384215354919,1014.5289849999972
5210,1.9331649541854858,,0.000556101116693517,0.7005957961082458,1016.4433558000019
5220,1.8488950729370117,,0.0005546130999891836,0.6748341917991638,1018.3590565999912
5230,1.8407278060913086,,0.0005531250328367279,0.6691213846206665,1020.2729072999937
5240,1.840320110321045,,0.0005516369315094138,0.7056148648262024,1022.1883719000034
5250,1.8409277200698853,,0.0005501488122808787,0.7082033753395081,1024.1033931999991
5260,1.9318666458129883,,0.0005486606914249566,0.7066933512687683,1026.017055000004
5270,1.8308559656143188,,0.0005471725852154985,0.7055120468139648,1027.929730799995
5280,1.9363758563995361,,0.0005456845099261954,0.7261289954185486,1029.844234899996
5290,1.7553114891052246,,0.0005441964818304004,0.6460167169570923,1031.7577967999969
5300,1.7294859886169434,,0.0005427085172009503,0.6748464107513428,1033.672703499993
5310,1.7725303173065186,,0.0005412206323099878,0.6783285737037659,1035.5842301999946
5320,1.886484146118164,,0.0005397328434287839,0.6871500015258789,1037.4985423000035
5330,1.9329402446746826,,0.0005382451668275594,0.7060037851333618,1039.412807300003
5340,1.794217586517334,,0.0005367576187753069,0.6710138916969299,1041.326552700004
5350,1.8578273057937622,,0.000535270215539614,0.6959985494613647,1043.2383023000002
5360,1.9330881834030151,,0.000533782973386484,0.6992430090904236,1045.1531755000033
5370,1.9574801921844482,,0.0005322959085801589,0.7169677019119263,1047.0685395000037
5380,1.8176772594451904,,0.0005308090373829413,0.6840435862541199,1048.9807854999963
5390,1.8706293106079102,,0.0005293223760550158,0.6995433568954468,1050.895345900004
5400,1.8007493019104004,,0.0005278359408542733,0.6876792907714844,1052.8096547000023
5410,1.6851731538772583,,0.0005263497480361304,0.6776067614555359,1054.7254126999906
5420,1.8265069723129272,,0.0005248638138533539,0.683736264705658,1056.6390798999928
5430,1.6902379989624023,,0.000523378154555882,0.712222695350647,1058.5535070000042
5440,1.8172531127929688,,0.0005218927863906466,0.9033201336860657,1060.468782099997
5450,1.645317554473877,,0.0005204077256013963,0.6933280229568481,1062.384460100002
5460,1.8937962055206299,,0.0005189229884285174,0.6838478446006775,1064.2973939999938
5470,1.8113207817077637,,0.0005174385911088583,0.6773672699928284,1066.2112272999948
5480,1.9904626607894897,,0.0005159545498755498,0.7519452571868896,1068.1263137999922
5490,1.8107867240905762,,0.0005144708809578294,0.6806836724281311,1070.0383793999936
5500,1.761002540588379,1.8089899957180022,0.0005129876005808627,0.6678205728530884,1073.2088787999965
5510,1.7486262321472168,,0.000511504724965566,0.688521683216095,1075.1246967000043
5520,1.9266241788864136,,0.0005100222703284297,0.708825409412384,1077.0384365999926
5530,1.8962891101837158,,0.0005085402528813399,0.6961873173713684,1078.9525082000036
5540,1.8033525943756104,,0.0005070586888314024,0.7323971390724182,1080.8694973999955
5550,1.7542996406555176,,0.0005055775943807639,0.6974155902862549,1082.7829982999974
5560,1.7947096824645996,,0.000504096985726436,0.681568443775177,1084.6977819000022
5570,1.7732858657836914,,0.0005026168790601182,0.6434826850891113,1086.6124630999984
5580,1.7663984298706055,,0.0005011372905680192,0.6687761545181274,1088.5255153000035
5590,1.8117531538009644,,0.0004996582364306825,0.664510190486908,1090.4412938000023
5600,1.8414833545684814,,0.0004981797328228063,0.7002860307693481,1092.356990699991
5610,1.7110586166381836,,0.0004967017959130698,0.6761165857315063,1094.272206099995
5620,1.8545584678649902,,0.0004952244418639541,0.6836562156677246,1096.1871522000001
5630,1.7329680919647217,,0.0004937476868315661,0.6562889814376831,1098.1028138999973
5640,1.7937753200531006,,0.0004922715469654629,0.652414858341217,1100.016893299995
5650,1.9027891159057617,,0.0004907960384084728,0.7132350206375122,1101.9290929999988
5660,1.7578871250152588,,0.0004893211772965217,0.7332024574279785,1103.8441185999982
5670,1.764533281326294,,0.0004878469797584538,0.6862713694572449,1105.758622399997
5680,1.8488621711730957,,0.00048637346191585763,0.7268563508987427,1107.6716529999976
5690,1.815316915512085,,0.0004849006398828879,0.7063305377960205,1109.586100200002
5700,1.7866008281707764,,0.0004834285297660906,0.7124705910682678,1111.5004799000017
5710,1.7925219535827637,,0.0004819571476642263,0.693705141544342,1113.4167897000007
5720,1.878838062286377,,0.00048048650966809356,0.7051135301589966,1115.3306906999933
5730,1.8707653284072876,,0.0004790166318603541,0.6844602823257446,1117.245098600004
5740,1.9242552518844604,,0.00047754753031535596,0.722058117389679,1119.1619229999924
5750,1.8116588592529297,,0.00047607922109895855,0.7142414450645447,1121.0756566999917
5760,1.7630796432495117,,0.0004746117202683559,0.7094962000846863,1122.990672400003
5770,1.7106070518493652,,0.00047314504387190216,0.6953345537185669,1124.9041032999958
5780,1.8102679252624512,,0.00047167920794893544,0.7194902300834656,1126.8181272999936
5790,1.9474701881408691,,0.0004702142285296024,0.7248941659927368,1128.733611299991
5800,1.8619661331176758,,0.00046875012163468343,0.7082248330116272,1130.6480448999937
5810,1.7020576000213623,,0.00046728690327541684,0.6609113812446594,1132.5610938000027
5820,1.7537682056427002,,0.0004658245894533243,0.709782600402832,1134.4728109999996
5830,1.8449798822402954,,0.0004643631961600353,0.6999054551124573,1136.3866301999951
5840,1.9107272624969482,,0.0004629027393771129,0.7036494016647339,1138.2996465000033
5850,1.750832438468933,,0.0004614432350758785,0.6877288222312927,1140.2169681999949
5860,1.7416260242462158,,0.00045998469921723715,0.6915841698646545,1142.1316754
5870,1.8453161716461182,,0.0004585271477515036,0.7271587252616882,1144.0458475999912
5880,1.8454729318618774,,0.0004570705966182268,0.6805788278579712,1145.9601526000042
5890,1.7616909742355347,,0.00045561506174601697,0.7356329560279846,1147.87336279999
5900,1.7366971969604492,,0.0004541605590523699,0.7087127566337585,1149.7878027999977
5910,1.6895990371704102,,0.00045270710444349433,0.7205685973167419,1151.6994721999945
5920,1.805614948272705,,0.0004512547138141368,0.6911619305610657,1153.6163802999945
5930,1.8220422267913818,,0.0004498034030474086,0.7148860692977905,1155.5313133000018
5940,1.746051549911499,,0.0004483531880146118,0.7148305773735046,1157.447463599994
5950,1.749929666519165,,0.00044690408457506557,0.7234597206115723,1159.3612064999907
5960,1.714702844619751,,0.0004454561085759331,0.6895892024040222,1161.2736429999932
5970,1.7402524948120117,,0.00044400927585204773,0.6796864867210388,1163.1902943000023
5980,1.7632842063903809,,0.0004425636022257405,0.7082059383392334,1165.1066869999922
5990,1.7420434951782227,,0.00044111910350666647,0.7547910809516907,1167.021693200004
6000,1.7379971742630005,1.7819047272205353,0.0004396757954916321,0.7049666047096252,1170.192026699995
6010,1.7402681112289429,,0.00043823369396442293,0.6859580278396606,1172.10606559999
6020,1.7923169136047363,,0.0004367928146956299,0.7447411417961121,1174.0199200999923
6030,1.7410563230514526,,0.0004353531734424781,0.6863313317298889,1175.9342265000014
6040,1.7121648788452148,,0.0004339147859486533,0.7133289575576782,1177.8487606999988
6050,1.707190752029419,,0.000432477667944131,0.6897528767585754,1179.7617406999925
6060,1.696840524673462,,0.00043104183514500324,0.7090253829956055,1181.6757943999983
6070,1.7215839624404907,,0.00042960730325330754,0.6907777786254883,1183.5927924999996
6080,1.7929584980010986,,0.00042817408795685493,0.6837592124938965,1185.5072493000043
6090,1.8626662492752075,,0.0004267422049290582,0.6943120956420898,1187.4224977999984
6100,1.7650965452194214,,0.00042531166982876065,0.7401633262634277,1189.3367026999913
6110,1.7336716651916504,,0.000423882498300065,0.7488785982131958,1191.2523059999949
6120,1.797513723373413,,0.00042245470597216235,0.7238332629203796,1193.1661748000042
6130,1.8280913829803467,,0.0004210283084591603,0.717605710029602,1195.0793148999946
6140,1.6657456159591675,,0.000419603321359914,0.6749968528747559,1196.9917045000038
6150,1.8301206827163696,,0.0004181797602578539,0.7147021293640137,1198.9039786999929
6160,1.7117736339569092,,0.00041675764072081616,0.7359697818756104,1200.8184001999907
6170,1.7077491283416748,,0.0004153369783008723,0.6992055773735046,1202.731554099999
6180,1.7335219383239746,,0.00041391778853415857,0.7075616717338562,1204.6459250999906
6190,1.7588112354278564,,0.0004125000869407074,0.7113873958587646,1206.562770199991
6200,1.7456104755401611,,0.00041108388902427577,0.6930678486824036,1208.476242500008
6210,1.768830418586731,,0.0004096692102721775,0.6847662925720215,1210.3916589999862
6220,1.8314509391784668,,0.0004082560661551129,0.724409282207489,1212.3047835000034
6230,1.7347561120986938,,0.0004068444721269992,0.719264805316925,1214.218383600004
6240,1.8677144050598145,,0.00040543444362480305,0.7340867519378662,1216.1295963999873
6250,1.6481738090515137,,0.0004040259960683696,0.6766735911369324,1218.0437638000003
6260,1.757436752319336,,0.00040261914486025644,0.7358707785606384,1219.9566640999983
6270,1.6575982570648193,,0.00040121390538556235,0.7181380987167358,1221.8709515999944
6280,1.6625021696090698,,0.00039981029301176124,0.6944962739944458,1223.782490499987
6290,1.7258391380310059,,0.0003984083230885335,0.7112240791320801,1225.6952183000103
6300,1.8301959037780762,,0.000397008010947597,0.7853538990020752,1227.6086495000054
6310,1.657352328300476,,0.0003956093719025417,0.6938419342041016,1229.5233813000086
6320,1.7501428127288818,,0.00039421242124865934,0.7306676506996155,1231.436155000003
6330,1.6662964820861816,,0.0003928171742627791,0.7142776846885681,1233.3524261999992
6340,1.774874210357666,,0.00039142364620309804,0.6998337507247925,1235.267565199989
6350,1.6828010082244873,,0.0003900318523090159,0.7210118174552917,1237.1816187000077
6360,1.7387887239456177,,0.0003886418078009679,0.7018778324127197,1239.091881500004
6370,1.8252196311950684,,0.00038725352788025774,0.7150166034698486,1241.0040570999845
6380,1.8488454818725586,,0.0003858670277288926,0.7646974921226501,1242.9179790999915
6390,1.651000738143921,,0.00038448232250941567,0.6989165544509888,1244.831597099983
6400,1.8374011516571045,,0.00038309942736474155,0.7639899253845215,1246.7432955999975
6410,1.6902399063110352,,0.00038171835741798986,0.6750082969665527,1248.6566235999926
6420,1.782594919204712,,0.0003803391277723202,0.7271871566772461,1250.5689755000058
6430,1.816859245300293,,0.0003789617535107675,0.704511284828186,1252.4846496999962
6440,1.8769290447235107,,0.00037758624969607546,0.7628728747367859,1254.3981589000032
6450,1.6670117378234863,,0.0003762126313705337,0.7024505734443665,1256.3139269000094
6460,1.7559778690338135,,0.000374840913555812,0.693415105342865,1258.227022999985
6470,1.8129771947860718,,0.0003734711112527967,0.7449663877487183,1260.1422104999947
6480,1.7220722436904907,,0.0003721032394414263,0.7111149430274963,1262.0539726999996
6490,1.8512382507324219,,0.00037073731308052776,0.7411890029907227,1263.9675351000042
6500,1.655436635017395,1.7118311107158661,0.00036937334710765305,0.7037760615348816,1267.1346918999916
6510,1.8002816438674927,,0.0003680113564389153,0.7198067903518677,1269.048017699999
6520,1.787173867225647,,0.0003666513559688265,0.7351635694503784,1270.958818299987
6530,1.7033250331878662,,0.00036529336057013363,0.7163151502609253,1272.8721360999916
6540,1.6467900276184082,,0.0003639373850936571,0.7124626040458679,1274.7859429999953
6550,1.7239069938659668,,0.0003625834443681271,0.7563555240631104,1276.699005100003
6560,1.6978603601455688,,0.00036123155320002284,0.7207263112068176,1278.6148492000066
6570,1.7516940832138062,,0.00035988172637340955,0.7176094055175781,1280.5290924999863
6580,1.7260634899139404,,0.0003585339786497768,0.7198025584220886,1282.4426511999918
6590,1.6636465787887573,,0.0003571883247678782,0.7220006585121155,1284.3567955000035
6600,1.8357717990875244,,0.0003558447794435684,0.7769774794578552,1286.2721436999855
6610,1.5875279903411865,,0.0003545033573696445,0.7001131176948547,1288.185906800005
6620,1.778173804283142,,0.00035316407321568297,0.7338228821754456,1290.0983237999899
6630,1.6947160959243774,,0.00035182694162788083,0.7464011907577515,1292.012100699998
6640,1.6299004554748535,,0.000350491977228895,0.7043153643608093,1293.9268659999943
6650,1.6210432052612305,,0.000349159194617682,0.7569112777709961,1295.8400936000107
6660,1.7359728813171387,,0.00034782860836933934,0.7220338582992554,1297.7534726999875
6670,1.8288400173187256,,0.0003465002330349447,0.7424915432929993,1299.6681585999904
6680,1.720844030380249,,0.00034517408314139824,0.6943084597587585,1301.5836300000083
6690,1.7154550552368164,,0.0003438501731912623,0.7539215683937073,1303.5011360000062
6700,1.7931833267211914,,0.0003425285176626041,0.7252503633499146,1305.416240599996
6710,1.7109627723693848,,0.0003412091310088372,0.7570272088050842,1307.3288793000102
6720,1.7924466133117676,,0.0003398920276585622,0.6986387968063354,1309.2475936999836
6730,1.735910177230835,,0.00033857722201541057,0.7327946424484253,1311.1621906000073
6740,1.7581148147583008,,0.00033726472845788574,0.7002556920051575,1313.0808700000052
6750,1.63752281665802,,0.00033595456133920755,0.7048224806785583,1315.000401600002
6760,1.690549373626709,,0.00033464673498715335,0.7298041582107544,1316.9175647000084
6770,1.7602598667144775,,0.0003333412637039027,0.7649250030517578,1318.83809569999
6780,1.7781274318695068,,0.0003320381617658805,0.7381947040557861,1320.7513886000088
6790,1.684499740600586,,0.00033073744342360036,0.707925021648407,1322.6676297000085
6800,1.6955811977386475,,0.0003294391229015103,0.7138055562973022,1324.580377700011
6810,1.6498329639434814,,0.000328143214397835,0.7105496525764465,1326.49474319999
6820,1.7648749351501465,,0.0003268497320844227,0.7223058938980103,1328.4122204000014
6830,1.895392656326294,,0.0003255586901065883,0.7477211356163025,1330.3256777999923
6840,1.619316577911377,,0.00032427010258296,0.7009533047676086,1332.2395848000015
6850,1.6769709587097168,,0.0003229839836053251,0.7183546423912048,1334.1593097999867
6860,1.7161754369735718,,0.00032170034723847415,0.7835322022438049,1336.0749918000074
6870,1.712936520576477,,0.0003204192075200491,0.7454279065132141,1337.9889038999972
6880,1.7334411144256592,,0.00031914057846038835,0.7842681407928467,1339.9072693999915
6890,1.574460744857788,,0.00031786447404237464,0.7302181720733643,1341.823169100011
6900,1.8287959098815918,,0.0003165909082212814,0.7871062755584717,1343.7387768999906
6910,1.7745118141174316,,0.0003153198949246204,0.7325541973114014,1345.6503299000033
6920,1.7322659492492676,,0.0003140514480519896,0.7559772729873657,1347.5662348000042
6930,1.7980679273605347,,0.0003127855814749204,0.7549845576286316,1349.4812965999881
6940,1.6033155918121338,,0.0003115223090367271,0.714114248752594,1351.3948829
6950,1.7596055269241333,,0.0003102616445523547,0.7316341996192932,1353.3100726999983
6960,1.6933352947235107,,0.0003090036018082281,0.719965934753418,1355.2241413999873
6970,1.7800430059432983,,0.00030774819456210096,0.7636091709136963,1357.1392594999925
6980,1.6462130546569824,,0.0003064954365429059,0.7263621091842651,1359.053726299986
6990,1.6363470554351807,,0.00030524534145060395,0.7149115204811096,1360.9673653999926
7000,1.5907443761825562,1.7041679322719574,0.00030399792295603476,0.7382373809814453,1364.135831599997
7010,1.7131447792053223,,0.0003027531947007672,0.7193528413772583,1366.0519580999971
7020,1.6312955617904663,,0.00030151117029694985,0.7264270782470703,1367.967592800007
7030,1.6509538888931274,,0.0003002718633271627,0.7340543866157532,1369.8791851999995
7040,1.722912311553955,,0.00029903528734426813,0.7346002459526062,1371.7922156999994
7050,1.7736417055130005,,0.00029780145587126315,0.7506122589111328,1373.7074235999899
7060,1.7004685401916504,,0.0002965703824011312,0.7310764789581299,1375.6223326000036
7070,1.6638131141662598,,0.000295342080396694,0.7416975498199463,1377.535750399984
7080,1.727703332901001,,0.00029411656329046584,0.7225450277328491,1379.4537816999946
7090,1.7854435443878174,,0.00029289384448450534,0.8013235330581665,1381.3651920999982
7100,1.6310129165649414,,0.0002916739373502697,0.7262231707572937,1383.2812019999838
7110,1.9058558940887451,,0.0002904568552284676,0.814685583114624,1385.1958251000033
7120,1.622262716293335,,0.00028924261142891417,0.7142513990402222,1387.1100789000047
7130,1.6523516178131104,,0.00028803121923038516,0.7098643779754639,1389.0238988999918
7140,1.7690412998199463,,0.0002868226918804715,0.757644534111023,1390.9351136999903
7150,1.624295949935913,,0.0002856170425954349,0.716888964176178,1392.8505031999957
7160,1.7170509099960327,,0.0002844142845600624,0.7238205671310425,1394.7625974999974
7170,1.685633897781372,,0.0002832144309275233,0.7417018413543701,1396.683564899984
7180,1.6261636018753052,,0.0002820174948192249,0.7220675945281982,1398.5955065999879
7190,1.6056504249572754,,0.00028082348932466844,0.6970574259757996,1400.509996799985
7200,1.6840806007385254,,0.000279632427501307,0.7474051713943481,1402.4253911999986
7210,1.8345520496368408,,0.00027844432237440157,0.7909314036369324,1404.3385103000037
7220,1.7019565105438232,,0.00027725918693687963,0.7318527102470398,1406.2536409999884
7230,1.5832054615020752,,0.0002760770341491923,0.7437450885772705,1408.1660768000002
7240,1.8496193885803223,,0.0002748978769391734,0.804249107837677,1410.0824689999863
7250,1.6944907903671265,,0.0002737217282018969,0.7867453694343567,1412.0033359999943
7260,1.631807565689087,,0.000272548600799537,0.7571064829826355,1413.9178899000108
7270,1.6724971532821655,,0.0002713785075612272,0.7436960339546204,1415.8316136999929
7280,1.6745917797088623,,0.0002702114612829196,0.7322645783424377,1417.7499741000065
7290,1.6168665885925293,,0.0002690474747272455,0.775037944316864,1419.6635897000087
7300,1.6175005435943604,,0.000267886560623375,0.7289696335792542,1421.576150000008
7310,1.6309723854064941,,0.0002667287316668791,0.7989842891693115,1423.4930991999863
7320,1.6290316581726074,,0.0002655740005195893,0.7262663245201111,1425.4069879000017
7330,1.6904093027114868,,0.0002644223798094609,0.7528876662254333,1427.3219824999978
7340,1.705762267112732,,0.0002632738821304335,0.7635297179222107,1429.2326220000105
7350,1.5976557731628418,,0.0002621285200422934,0.7375490665435791,1431.1493278999988
7360,1.6650068759918213,,0.000260986306070537,0.7370285987854004,1433.0617903000093
7370,1.6125149726867676,,0.0002598472527062334,0.7344939708709717,1434.9813609999837
7380,1.5608751773834229,,0.00025871137240588766,0.7457060217857361,1436.8935690000071
7390,1.694084882736206,,0.00025757867759130463,0.7665529847145081,1438.8094476000115
7400,1.6796884536743164,,0.00025644918064945347,0.7593633532524109,1440.7302375999861
7410,1.67428457736969,,0.0002553228939323317,0.7516596913337708,1442.6454750999983
7420,1.5955077409744263,,0.00025419982975683034,0.7194117307662964,1444.565930199984
7430,1.6673266887664795,,0.0002530800004045996,0.7776258587837219,1446.4818377000047
7440,1.6114338636398315,,0.0002519634181219135,0.7736040949821472,1448.3942472999915
7450,1.593325138092041,,0.00025085009511953735,0.7224025130271912,1450.309925699985
7460,1.7696585655212402,,0.00024974004357259256,0.7627612948417664,1452.2245847999875
7470,1.6166493892669678,,0.0002486332756204257,0.7586982250213623,1454.139302800002
7480,1.7322604656219482,,0.0002475298033664732,0.7551913261413574,1456.0542094999983
7490,1.8094173669815063,,0.00024642963887813117,0.7714041471481323,1457.9681494999968
7500,1.6543023586273193,1.664822369813919,0.00024533279418662224,0.769260823726654,1461.1342367999896
7510,1.7503867149353027,,0.0002442392812868637,0.7904048562049866,1463.264502999984
7520,1.701688289642334,,0.00024314911213733816,0.7736502289772034,1465.1734457999992
7530,1.7200074195861816,,0.0002420622986599603,0.7645676732063293,1467.08286580001
7540,1.7608623504638672,,0.0002409788527399484,0.7417985200881958,1468.9932277000044
7550,1.6558213233947754,,0.00023989878622569327,0.7978202700614929,1470.9045980999945
7560,1.6321643590927124,,0.00023882211092862926,0.7645002007484436,1472.814391299995
7570,1.6876317262649536,,0.00023774883862310523,0.7566267251968384,1474.7224713999894
7580,1.515730381011963,,0.0002366789810462549,0.7458013892173767,1476.6355384000053
7590,1.5647269487380981,,0.0002356125498978695,0.7872442603111267,1478.5504261000024
7600,1.6878559589385986,,0.0002345495568402689,0.7761116623878479,1480.4648126999964
7610,1.6345596313476562,,0.00023349001349817511,0.8095797896385193,1482.375189399987
7620,1.6670448780059814,,0.0002324339314585843,0.7911721467971802,1484.289258100005
7630,1.6936285495758057,,0.00023138132227064053,0.7765405774116516,1486.2009815000056
7640,1.7024368047714233,,0.00023033219744550925,0.8032916784286499,1488.1104668999906
7650,1.7282037734985352,,0.0002292865684562513,0.8023821711540222,1490.0244399000076
7660,1.7039438486099243,,0.00022824444673769784,0.7978166341781616,1491.9418693000043
7670,1.6505959033966064,,0.00022720584368632514,0.7816729545593262,1493.8550074000086
7680,1.7581617832183838,,0.00022617077066012972,0.8026251792907715,1495.7717567000072
7690,1.6482703685760498,,0.00022513923897850432,0.7703763842582703,1497.68362299999
7700,1.611966848373413,,0.00022411125992211403,0.8206285834312439,1499.5963477999903
7710,1.6813061237335205,,0.0002230868447327733,0.7594416737556458,1501.5061401999847
7720,1.7359857559204102,,0.0002220660046133225,0.7594671249389648,1503.416219000006
7730,1.6210793256759644,,0.00022104875072750566,0.7328183054924011,1505.3353884000098
7740,1.6772865056991577,,0.00022003509419984808,0.7698338627815247,1507.2514080999827
7750,1.7342240810394287,,0.00021902504611553527,0.7972524166107178,1509.1615105000092
7760,1.4990293979644775,,0.00021801861752029128,0.7585628628730774,1511.078132900002
7770,1.6913114786148071,,0.00021701581942025795,0.7792302370071411,1512.992468499986
7780,1.6536846160888672,,0.00021601666278187482,0.7796509265899658,1514.912201500003
7790,1.7064886093139648,,0.0002150211585317585,0.7864404916763306,1516.8355298000097
7800,1.5879733562469482,,0.0002140293175565841,0.7343724966049194,1518.7472700999933
7810,1.5790081024169922,,0.0002130411507029657,0.7797531485557556,1520.674139299983
7820,1.6862225532531738,,0.0002120566687773377,0.7764753699302673,1522.5945622999861
7830,1.751177430152893,,0.0002110758825458365,0.7799310684204102,1524.5095752000052
7840,1.7396597862243652,,0.0002100988027341834,0.8039429783821106,1526.428977100004
7850,1.6708709001541138,,0.0002091254400275666,0.7999953031539917,1528.3449850000034
7860,1.6798416376113892,,0.0002081558050705247,0.7450944185256958,1530.2578231999942
7870,1.628463625907898,,0.0002071899084668304,0.7900557518005371,1532.1738046999963
7880,1.6291096210479736,,0.00020622776077937398,0.7910649180412292,1534.092811599985
7890,1.6207549571990967,,0.00020526937253004845,0.7897722721099854,1535.999802300008
7900,1.6325786113739014,,0.00020431475419963423,0.7627671360969543,1537.9203245000099
7910,1.6547574996948242,,0.00020336391622768435,0.7860463261604309,1539.8406101999863
7920,1.606302261352539,,0.00020241686901241077,0.7633371949195862,1541.770130799996
7930,1.5999248027801514,,0.00020147362291056983,0.7706594467163086,1543.6904827000108
7940,1.650607705116272,,0.00020053418823734985,0.7810315489768982,1545.612328599993
7950,1.6372417211532593,,0.00019959857526625794,0.7999805212020874,1547.5286875999882
7960,1.522085189819336,,0.00019866679422900777,0.7612369656562805,1549.4536615000106
7970,1.6778960227966309,,0.00019773885531540721,0.8107085227966309,1551.3787260999961
7980,1.7813488245010376,,0.0001968147686732477,0.8035674691200256,1553.2950213000004
7990,1.6973748207092285,,0.00019589454440819269,0.7916778326034546,1555.212181299983
8000,1.608834981918335,1.6458224177360534,0.00019497819258366739,0.7834677696228027,1558.394545499992
8010,1.641466736793518,,0.00019406572322074853,0.8031785488128662,1560.3155336999916
8020,1.741659164428711,,0.0001931571462980547,0.7983241081237793,1562.2408234000031
8030,1.6189019680023193,,0.00019225247175163772,0.7631409168243408,1564.1690311999992
8040,1.629276990890503,,0.0001913517094748734,0.7937214970588684,1566.0848739999929
8050,1.5808372497558594,,0.00019045486931835371,0.7620626091957092,1568.0142869999981
8060,1.6246892213821411,,0.00018956196108977911,0.7951139807701111,1569.9335811999917
8070,1.6342051029205322,,0.0001886729945538506,0.8265508413314819,1571.858427900006
8080,1.7004978656768799,,0.00018778797943216395,0.7658419609069824,1573.777578499983
8090,1.5957672595977783,,0.00018690692540310276,0.7674064040184021,1575.6963048999896
8100,1.7978532314300537,,0.00018602984210173274,0.8138170838356018,1577.6186473999987
8110,1.6611275672912598,,0.0001851567391196963,0.7780832052230835,1579.5458156999957
8120,1.7164642810821533,,0.00018428762600510772,0.8060206770896912,1581.4673843999917
8130,1.5956461429595947,,0.0001834225122624489,0.8456196188926697,1583.3960647000058
8140,1.6797174215316772,,0.00018256140735246502,0.8236382007598877,1585.3306940000039
8150,1.7435860633850098,,0.00018170432069206164,0.8100090026855469,1587.253174499987
8160,1.5733461380004883,,0.00018085126165420085,0.7790083289146423,1589.1725248000002
8170,1.6906983852386475,,0.00018000223956779983,0.8105021119117737,1591.0953123999934
8180,1.6107749938964844,,0.00017915726371762783,0.7777126431465149,1593.0228829999978
8190,1.6777902841567993,,0.00017831634334420564,0.7842622995376587,1594.9459762999904
8200,1.5543968677520752,,0.00017747948764370382,0.825409471988678,1596.8712433000037
8210,1.7150001525878906,,0.0001766467057678419,0.8022222518920898,1598.7941358000098
8220,1.6270179748535156,,0.00017581800682378934,0.7775087952613831,1600.708199899993
8230,1.602097511291504,,0.00017499339987406466,0.7841203808784485,1602.6381074000092
8240,1.8255832195281982,,0.00017417289393643784,0.8229594230651855,1604.5550218999851
8250,1.7115063667297363,,0.00017335649798382998,0.8227052688598633,1606.4857367000077
8260,1.734607219696045,,0.00017254422094421654,0.8283743858337402,1608.4151929999935
8270,1.6244409084320068,,0.00017173607170052922,0.7967252135276794,1610.329433899984
8280,1.6611400842666626,,0.00017093205909055832,0.7869656682014465,1612.259302999999
8290,1.6276880502700806,,0.00017013219190685738,0.8213057518005371,1614.1898545000004
8300,1.5262060165405273,,0.0001693364788966454,0.7994285225868225,1616.1095731999958
8310,1.486193060874939,,0.00016854492876171263,0.7938615679740906,1618.0237695999967
8320,1.635510802268982,,0.00016775755015832435,0.7958565354347229,1619.9450082999829
8330,1.59916353225708,,0.00016697435169712673,0.8225083351135254,1621.8758165999898
8340,1.6003575325012207,,0.0001661953419430531,0.7917152643203735,1623.8027253999899
8350,1.5849779844284058,,0.00016542052941522883,0.7806469202041626,1625.7298974999867
8360,1.6301978826522827,,0.00016464992258687997,0.7816332578659058,1627.6577773999888
8370,1.649688720703125,,0.00016388352988523902,0.8323409557342529,1629.5783797999902
8380,1.5663001537322998,,0.000163121359691454,0.801358699798584,1631.5090928999998
8390,1.7374894618988037,,0.00016236342034049584,0.8254740238189697,1633.4231504999916
8400,1.6658315658569336,,0.00016160972012106803,0.8110468983650208,1635.3562006999855
8410,1.631042718887329,,0.00016086026727551544,0.8215333223342896,1637.2789519999933
8420,1.624574065208435,,0.00016011506999973415,0.7956918478012085,1639.1940849999955
8430,1.615705966949463,,0.00015937413644308222,0.8229191899299622,1641.1280318000063
8440,1.7803959846496582,,0.00015863747470829038,0.8742319345474243,1643.053560100001
8450,1.6292130947113037,,0.00015790509285137339,0.7981201410293579,1644.9722913999867
8460,1.5772242546081543,,0.0001571769988815417,0.812760055065155,1646.8961027000041
8470,1.616929292678833,,0.00015645320076111447,0.7986125349998474,1648.8161234
8480,1.7070890665054321,,0.00015573370640543195,0.8133060932159424,1650.7557114000083
8490,1.7501448392868042,,0.00015501852368276912,0.8290265798568726,1652.671385499998
8500,1.6232653856277466,1.6442559599876403,0.00015430766041424975,0.8315580487251282,1655.8650310999947
8510,1.5895346403121948,,0.00015360112437376049,0.807815670967102,1657.788780200004
8520,1.7017357349395752,,0.00015289892328786638,0.8494057059288025,1659.7052268999978
8530,1.5978916883468628,,0.00015220106483572596,0.8230792880058289,1661.6351935999992
8540,1.5300228595733643,,0.00015150755664900749,0.8222957253456116,1663.5577104999975
8550,1.6935306787490845,,0.00015081840631180543,0.8184170126914978,1665.4806838000077
8560,1.6943999528884888,,0.0001501336213605573,0.7946770191192627,1667.4030421999923
8570,1.5848278999328613,,0.00014945320928396176,0.8066897392272949,1669.323715000006
8580,1.6493208408355713,,0.00014877717752289618,0.8283976912498474,1671.254280299996
8590,1.6364095211029053,,0.00014810553347033577,0.8412325978279114,1673.1816171999963
8600,1.5777324438095093,,0.000147438284471272,0.7967498302459717,1675.1124258000054
8610,1.5932297706604004,,0.0001467754378226332,0.8065088391304016,1677.036328199989
8620,1.6174581050872803,,0.00014611700077320406,0.8224201202392578,1678.95655480001
8630,1.6287890672683716,,0.00014546298052354673,0.8176255822181702,1680.8787346000026
8640,1.6070525646209717,,0.0001448133842259219,0.8274288773536682,1682.7908653999912
8650,1.7449674606323242,,0.0001441682189842104,0.8490414619445801,1684.7200883000041
8660,1.6445047855377197,,0.00014352749185383615,0.8636180758476257,1686.6454996000102
8670,1.489571452140808,,0.00014289120984168835,0.7812221050262451,1688.562549299997
8680,1.7242329120635986,,0.0001422593799060451,0.8101167678833008,1690.49493049999
8690,1.62615168094635,,0.0001416320089564974,0.8374253511428833,1692.4162962999835
8700,1.60556960105896,,0.00014100910385387344,0.837080717086792,1694.3378060999967
8710,1.5856781005859375,,0.00014039067141016353,0.81387859582901,1696.262833899993
8720,1.658642053604126,,0.00013977671838844588,0.8523026704788208,1698.1744738999987
8730,1.5015147924423218,,0.00013916725150281244,0.7787280082702637,1700.1057672000024
8740,1.5453259944915771,,0.0001385622774182952,0.8142106533050537,1702.0271499000082
8750,1.5864903926849365,,0.00013796180275079404,0.8109928965568542,1703.9528249999858
8760,1.6979379653930664,,0.00013736583406700358,0.8464722633361816,1705.8819879000075
8770,1.6085834503173828,,0.00013677437788434197,0.8007270097732544,1707.8039197000035
8780,1.648302435874939,,0.0001361874406708793,0.824227511882782,1709.7357981000096
8790,1.7540018558502197,,0.00013560502884526674,0.8442060947418213,1711.6528121999872
8800,1.6176981925964355,,0.0001350271487766668,0.8596799969673157,1713.5867310999893
8810,1.6345603466033936,,0.00013445380678468326,0.8111684322357178,1715.5186422999832
8820,1.6274734735488892,,0.00013388500913929233,0.8571299314498901,1717.4404325000069
8830,1.6697514057159424,,0.00013332076206077405,0.860517144203186,1719.3691613999836
8840,1.597006916999817,,0.00013276107171964388,0.8362513780593872,1721.2809347999864
8850,1.545863389968872,,0.00013220594423658582,0.8083924055099487,1723.2100503999973
8860,1.564133882522583,,0.00013165538568238504,0.8111414909362793,1725.1289012999914
8870,1.5400737524032593,,0.00013110940207786178,0.7926818132400513,1727.0548131999967
8880,1.619919776916504,,0.00013056799939380507,0.8038595914840698,1728.9732218999998
8890,1.6217656135559082,,0.00013003118355090813,0.8348976969718933,1730.898585899995
8900,1.6283190250396729,,0.00012949896041970289,0.8411314487457275,1732.826373399992
8910,1.713441014289856,,0.00012897133582049622,0.8262057900428772,1734.7515437999973
8920,1.637980580329895,,0.0001284483155233064,0.827009379863739,1736.6747537000047
8930,1.5481125116348267,,0.00012792990524779934,0.8255447149276733,1738.6039678000088
8940,1.6407451629638672,,0.000127416110663227,0.8783034086227417,1740.5285850999935
8950,1.640049934387207,,0.0001269069373883644,0.8427124619483948,1742.4577831999923
8960,1.576562523841858,,0.00012640239099144903,0.8158878087997437,1744.3796156999888
8970,1.7456470727920532,,0.00012590247699011952,0.845188558101654,1746.3051265999966
8980,1.685338020324707,,0.00012540720085135517,0.8719956874847412,1748.242335899995
8990,1.6524548530578613,,0.0001249165679914166,0.8843162059783936,1750.1705846000114
9000,1.520925521850586,1.606834077835083,0.00012443058377578593,0.7982110977172852,1753.3728622999915
9010,1.6654667854309082,,0.00012394925351910904,0.8541545271873474,1755.2943480999966
9020,1.5642127990722656,,0.00012347258248513617,0.8513322472572327,1757.2300181000028
9030,1.5922584533691406,,0.0001230005758866655,0.8688217997550964,1759.1555990999914
9040,1.586719274520874,,0.0001225332388854857,0.8337896466255188,1761.084604100004
9050,1.6289331912994385,,0.00012207057659231903,0.8178998827934265,1763.0114589000004
9060,1.5029644966125488,,0.00012161259406676654,0.8240383863449097,1764.9381048000068
9070,1.6243611574172974,,0.00012115929631725158,0.8602724671363831,1766.8678102999984
9080,1.688324213027954,,0.0001207106883009657,0.9140308499336243,1768.7986479999963
9090,1.6044256687164307,,0.00012026677492381434,0.8666256070137024,1770.7170464000083
9100,1.5605108737945557,,0.00011982756104036307,0.8016513586044312,1772.6504102000035
9110,1.5423424243927002,,0.00011939305145378454,0.8424777388572693,1774.5726723999833
9120,1.5985660552978516,,0.00011896325091580602,0.8555341958999634,1776.5029807999963
9130,1.5795717239379883,,0.00011853816412665726,0.8702079653739929,1778.4205273000116
9140,1.5110011100769043,,0.00011811779573501927,0.8098331689834595,1780.3385527000064
9150,1.6133921146392822,,0.00011770215033797353,0.8339567184448242,1782.2612017999927
9160,1.585298776626587,,0.00011729123248095145,0.8964400291442871,1784.1848062000063
9170,1.7172564268112183,,0.00011688504665768492,0.8565645813941956,1786.1180172000022
9180,1.6899306774139404,,0.00011648359731015696,0.8919441103935242,1788.0429827999906
9190,1.6045857667922974,,0.00011608688882855328,0.8686481714248657,1789.9738719000015
9200,1.5650808811187744,,0.00011569492555121443,0.8548587560653687,1791.9080213999841
9210,1.5311541557312012,,0.00011530771176458789,0.8508413434028625,1793.8306140000059
9220,1.71578049659729,,0.00011492525170318171,0.8840110898017883,1795.765551599994
9230,1.5990393161773682,,0.00011454754954951767,0.8394675254821777,1797.6887353000056
9240,1.6974046230316162,,0.00011417460943408613,0.8555602431297302,1799.6204406000033
9250,1.632032036781311,,0.0001138064354353004,0.8508201241493225,1801.5390627000015
9260,1.714811086654663,,0.0001134430315794524,0.9136461019515991,1803.4654403000022
9270,1.5552114248275757,,0.00011308440184066842,0.8604955673217773,1805.394702599995
9280,1.522630214691162,,0.00011273055014086583,0.8638594150543213,1807.318479699985
9290,1.614119291305542,,0.00011238148034971014,0.8420069813728333,1809.2574657000077
9300,1.45392644405365,,0.00011203719628457267,0.8686758279800415,1811.178907900001
9310,1.5928411483764648,,0.00011169770171048885,0.861946702003479,1813.1056495000084
9320,1.6362392902374268,,0.00011136300034011683,0.8777756690979004,1815.037421999994
9330,1.6063328981399536,,0.00011103309583369723,0.8788272142410278,1816.9698822000064
9340,1.5267415046691895,,0.00011070799179901283,0.9107014536857605,1818.9057499000046
9350,1.5511021614074707,,0.00011038769179134936,0.8587084412574768,1820.8267752999964
9360,1.573048710823059,,0.00011007219931345638,0.8760249018669128,1822.7608458999894
9370,1.6941334009170532,,0.00010976151781550903,0.87919020652771,1824.6856352000032
9380,1.617035984992981,,0.00010945565069507032,0.8537716865539551,1826.6095047999988
9390,1.5822774171829224,,0.00010915460129705423,0.8652638792991638,1828.5422388000006
9400,1.5636546611785889,,0.00010885837291368866,0.8598140478134155,1830.470674399985
9410,1.6338554620742798,,0.00010856696878447986,0.8645026087760925,1832.4039694000094
9420,1.590612530708313,,0.00010828039209617652,0.8920522332191467,1834.33674649999
9430,1.6092934608459473,,0.00010799864598273545,0.8982941508293152,1836.273726399988
9440,1.571083903312683,,0.00010772173352528708,0.8821807503700256,1838.2004776000103
9450,1.6268593072891235,,0.00010744965775210168,0.8776268362998962,1840.1230337999878
9460,1.49778151512146,,0.00010718242163855621,0.8605571389198303,1842.05451799999
9470,1.6241016387939453,,0.00010692002810710207,0.8776911497116089,1843.9696989000076
9480,1.6433624029159546,,0.00010666248002723285,0.8583434820175171,1845.894565900002
9490,1.5853824615478516,,0.00010640978021545307,0.8455805778503418,1847.815016699984
9500,1.6252089738845825,1.6303882777690888,0.00010616193143524748,0.9183038473129272,1850.9984800000093
9510,1.6644163131713867,,0.00010591893639705055,0.8676170706748962,1852.9196286000079
9520,1.6118026971817017,,0.00010568079775821713,0.8593568205833435,1854.8454121999966
9530,1.7064521312713623,,0.00010544751812299313,0.884317934513092,1856.7696578000032
9540,1.5134532451629639,,0.00010521910004248737,0.840621292591095,1858.6959307999932
9550,1.7367157936096191,,0.00010499554601464335,0.8999539017677307,1860.614628899988
9560,1.5715619325637817,,0.00010477685848421213,0.8833703398704529,1862.5445856000006
9570,1.525289535522461,,0.00010456303984272539,0.8656604886054993,1864.467054400011
9580,1.60011625289917,,0.00010435409242846967,0.9014992713928223,1866.395805999986
9590,1.6281845569610596,,0.00010415001852646038,0.881771981716156,1868.3147680999828
9600,1.5785088539123535,,0.000103950820368417,0.8541215658187866,1870.2323936999892
9610,1.5813401937484741,,0.00010375650013273865,0.8690186738967896,1872.1518116999941
9620,1.617807149887085,,0.00010356705994448032,0.8761502504348755,1874.0793966999918
9630,1.6286249160766602,,0.00010338250187532958,0.9023268818855286,1876.0037171999866
9640,1.6689889430999756,,0.0001032028279435839,0.9469486474990845,1877.9224831000029
9650,1.5591155290603638,,0.00010302804011412852,0.8792080283164978,1879.841978099983
9660,1.4814571142196655,,0.00010285814029841528,0.8547019958496094,1881.771595099999
9670,1.5756821632385254,,0.0001026931303544412,0.8760788440704346,1883.691522499983
9680,1.6233805418014526,,0.00010253301208672873,0.9089608788490295,1885.6109833999944
9690,1.6340192556381226,,0.00010237778724630554,0.9139487147331238,1887.53081940001
9700,1.5394296646118164,,0.00010222745753068559,0.8653615117073059,1889.4509590000089
9710,1.6085774898529053,,0.00010208202458385056,0.8972235321998596,1891.3781369999924
9720,1.6539644002914429,,0.00010194148999623187,0.8713828921318054,1893.3026234999998
9730,1.5903475284576416,,0.00010180585530469331,0.8910804986953735,1895.2320342999883
9740,1.6364459991455078,,0.00010167512199251408,0.9121864438056946,1897.1589720000047
9750,1.5629780292510986,,0.0001015492914893727,0.9002159237861633,1899.0729948999942
9760,1.6543715000152588,,0.00010142836517133144,0.9053046107292175,1900.9961114999896
9770,1.5963407754898071,,0.00010131234436082117,0.892981767654419,1902.9163344000117
9780,1.6599791049957275,,0.00010120123032662685,0.9056611657142639,1904.8331018000026
9790,1.5939865112304688,,0.00010109502428387375,0.8989710211753845,1906.7638997999893
9800,1.613926649093628,,0.00010099372739401414,0.8773146867752075,1908.6755725999828
9810,1.57003653049469,,0.0001008973407648146,0.8891578912734985,1910.6074725000071
9820,1.6207057237625122,,0.00010080586545034382,0.8672127723693848,1912.528514500009
9830,1.6312754154205322,,0.00010071930245096124,0.9227797985076904,1914.4509781000088
9840,1.6492406129837036,,0.00010063765271330594,0.8692754507064819,1916.3841996999981
9850,1.5874152183532715,,0.00010056091713028629,0.8836245536804199,1918.3095279999834
9860,1.5578937530517578,,0.00010048909654107045,0.907503068447113,1920.2326908000105
9870,1.54130220413208,,0.00010042219173107678,0.8587554693222046,1922.1604372999864
9880,1.6037511825561523,,0.00010036020343196564,0.9395241737365723,1924.0832527999883
9890,1.7396645545959473,,0.00010030313232163109,0.9862955212593079,1926.010179200006
9900,1.5225098133087158,,0.0001002509790241937,0.8813116550445557,1927.9377709999972
9910,1.5935015678405762,,0.00010020374410999351,0.9171631336212158,1929.8706915999937
9920,1.5228285789489746,,0.000100161428095584,0.87604820728302,1931.793021999998
9930,1.614067792892456,,0.00010012403144372634,0.8777331113815308,1933.7321503999992
9940,1.5738513469696045,,0.00010009155456338427,0.8730624914169312,1935.6643284999882
9950,1.6235849857330322,,0.00010006399780971981,0.8935534954071045,1937.6008233999892
9960,1.822507381439209,,0.00010004136148408919,0.9947409629821777,1939.530186399992
9970,1.5345311164855957,,0.00010002364583403965,0.906129777431488,1941.4615535000048
9980,1.590860366821289,,0.00010001085105330664,0.8678538203239441,1943.3929255999974
9990,1.661120891571045,,0.0001000029772818119,0.9043342471122742,1945.3135350999946
10000,1.6108402013778687,1.628154891729355,0.00010000002460566171,0.8686435222625732,1948.5171581000031
