Start (ns),End (ns),Duration (ns),DurChild (ns),DurNonChild (ns),Name,PID,TID,Lvl,NumChild,RangeId,ParentId,RangeStack,NameTree
23704974893,23715935625,10960732,0,10960732,CCCL:cub::DeviceRadixSort,2950,3325,0,0,13,,:13,CCCL:cub::DeviceRadixSort
23714768895,23725472141,10703246,0,10703246,CCCL:cub::DeviceRadixSort,2949,3326,0,0,11,,:11,CCCL:cub::DeviceRadixSort
24622450600,25749573049,1127122449,477006199,650116250,:measurement,2950,2950,0,4,20,,:20,:measurement
24622547650,25749732163,1127184513,483462411,643722102,:measurement,2949,2949,0,4,15,,:15,:measurement
24622939415,24697961644,75022229,0,75022229,:forward,2950,2950,1,0,21,20,:20:21,--:forward
24623107197,24698334574,75227377,0,75227377,:forward,2949,2949,1,0,16,15,:15:16,--:forward
24697984250,25009495524,311511274,0,311511274,:backward,2950,2950,1,0,22,20,:20:22,--:backward
24698365196,25015364230,316999034,0,316999034,:backward,2949,2949,1,0,17,15,:15:17,--:backward
25008139523,25008156087,16564,0,16564,CCCL:cub::DeviceRadixSort,2950,3325,0,0,14,,:14,CCCL:cub::DeviceRadixSort
25013950084,25013969626,19542,0,19542,CCCL:cub::DeviceRadixSort,2949,3326,0,0,12,,:12,CCCL:cub::DeviceRadixSort
25087203820,25100862653,13658833,0,13658833,:grad_sync,2950,2950,1,0,23,20,:20:23,--:grad_sync
25093877561,25108203886,14326325,0,14326325,:grad_sync,2949,2949,1,0,18,15,:15:18,--:grad_sync
25672750117,25749563980,76813863,0,76813863,:optimizer,2950,2950,1,0,24,20,:20:24,--:optimizer
25672808381,25749718056,76909675,0,76909675,:optimizer,2949,2949,1,0,19,15,:15:19,--:optimizer
