Time (%),Total Time (ns),Instances,Avg (ns),Med (ns),Min (ns),Max (ns),StdDev (ns),Style,Range
57.5,121303857,1,121303857.0,121303857.0,121303857,121303857,0.0,PushPop,:measurement
28.8,60650604,1,60650604.0,60650604.0,60650604,60650604,0.0,PushPop,:forward
5.5,11673453,36,324262.6,223305.0,205050,565584,155917.3,PushPop,:scaled_dot_product_attention
2.1,4480006,36,124444.6,100232.0,86176,188676,41264.2,PushPop,:attention_scores
1.8,3735636,36,103767.7,65727.0,58391,193478,59679.5,PushPop,:attention_softmax
1.5,3094285,36,85952.4,50034.5,44420,176629,55339.4,PushPop,:attention_final_matmul
0.9,1844972,36,51249.2,33458.5,30051,92466,26656.0,PushPop,:scores_mask
0.8,1762502,1,1762502.0,1762502.0,1762502,1762502,0.0,PushPop,:zero_grad
0.6,1338546,36,37181.8,35428.5,32713,52081,4524.5,PushPop,:scores_matmul
0.4,942510,36,26180.8,16111.0,14315,56037,14938.4,PushPop,:scores_scale
