Range,Style,Total Proj Time (ms),Total Range Time (ms),Range Instances,Proj Avg (ms),Proj Med (ms),Proj Min (ms),Proj Max (ms),Proj StdDev (ms),Total GPU Ops,Avg GPU Ops,Avg Range Lvl,Avg Num Child
:measurement,PushPop,217.9389,220.3788,1,217.9389,217.9389,217.9389,217.9389,0.0000,7295,7295.0,0.0,4.0
:optimizer,PushPop,58.6122,80.9562,1,58.6122,58.6122,58.6122,58.6122,0.0000,5232,5232.0,1.0,0.0
:forward,PushPop,58.4304,48.3666,1,58.4304,58.4304,58.4304,58.4304,0.0000,2060,2060.0,1.0,36.0
:scaled_dot_product_attention,PushPop,4.8170,11.6907,36,0.1338,0.1273,0.1252,0.3597,0.0387,396,11.0,2.0,3.0
:attention_softmax,PushPop,1.9375,3.4350,36,0.0538,0.0527,0.0515,0.0941,0.0069,180,5.0,3.0,0.0
:attention_scores,PushPop,1.8708,4.9936,36,0.0520,0.0496,0.0485,0.1354,0.0143,144,4.0,3.0,3.0
:attention_final_matmul,PushPop,0.9124,2.8052,36,0.0253,0.0245,0.0229,0.0544,0.0050,72,2.0,3.0,0.0
:scores_matmul,PushPop,0.8713,2.0693,36,0.0242,0.0243,0.0233,0.0249,0.0004,36,1.0,4.0,0.0
:scores_mask,PushPop,0.6262,1.6245,36,0.0174,0.0166,0.0161,0.0421,0.0043,72,2.0,4.0,0.0
:scores_scale,PushPop,0.2923,0.8574,36,0.0081,0.0081,0.0079,0.0088,0.0002,36,1.0,4.0,0.0
:loss,PushPop,0.0374,0.0874,1,0.0374,0.0374,0.0374,0.0374,0.0000,2,2.0,1.0,0.0
CCCL:cub::DeviceRadixSort,PushPop,0.0055,0.0176,1,0.0055,0.0055,0.0055,0.0055,0.0000,1,1.0,0.0,0.0
:backward,PushPop,0.0007,88.4742,1,0.0007,0.0007,0.0007,0.0007,0.0000,1,1.0,1.0,0.0
