Range,Style,Total Proj Time (ns),Total Range Time (ns),Range Instances,Proj Avg (ns),Proj Med (ns),Proj Min (ns),Proj Max (ns),Proj StdDev (ns),Total GPU Ops,Avg GPU Ops,Avg Range Lvl,Avg Num Child
:measurement,PushPop,202666120,207462260,1,202666120.0,202666120.0,202666120,202666120,0.0,7295,7295.0,0.0,4.0
:forward,PushPop,58025757,47276607,1,58025757.0,58025757.0,58025757,58025757,0.0,2060,2060.0,1.0,36.0
:optimizer,PushPop,43763509,64593893,1,43763509.0,43763509.0,43763509,43763509,0.0,5232,5232.0,1.0,0.0
:scaled_dot_product_attention,PushPop,4786310,11095550,36,132953.1,127327.5,120704,356926,38450.4,396,11.0,2.0,3.0
:attention_softmax,PushPop,1930167,3434536,36,53615.8,52560.0,49728,96800,7450.7,180,5.0,3.0,0.0
:scores_matmul,PushPop,1845973,4343275,36,51277.0,49439.5,46688,122079,12165.7,144,4.0,3.0,0.0
:attention_final_matmul,PushPop,906778,2768738,36,25188.3,24128.0,22656,55071,5223.1,72,2.0,3.0,0.0
:loss,PushPop,37984,81643,1,37984.0,37984.0,37984,37984,0.0,2,2.0,1.0,0.0
CCCL:cub::DeviceRadixSort,PushPop,5664,21489,1,5664.0,5664.0,5664,5664,0.0,1,1.0,0.0,0.0
:backward,PushPop,768,89508988,1,768.0,768.0,768,768,0.0,1,1.0,1.0,0.0
