configuration,seed,final_step,validation_questions,answer_accuracy
dr_grpo,0,200,1024,0.484375
dr_grpo,1,200,1024,0.4931640625
dr_grpo,2,200,1024,0.49609375
dr_grpo,3,200,1024,0.494140625
grpo_constant,0,200,1024,0.4990234375
grpo_constant,1,200,1024,0.5146484375
grpo_constant,2,200,1024,0.494140625
grpo_constant,3,200,1024,0.4765625
lr_3e-5,0,200,1024,0.5322265625
lr_3e-5,1,200,1024,0.041015625
lr_3e-5,2,200,1024,0.046875
lr_3e-5,3,200,1024,0.49609375
lr_5e-6,0,200,1024,0.3935546875
lr_5e-6,1,200,1024,0.39453125
lr_5e-6,2,200,1024,0.365234375
lr_5e-6,3,200,1024,0.3876953125
maxrl,0,200,1024,0.505859375
maxrl,1,200,1024,0.4921875
maxrl,2,200,1024,0.4482421875
maxrl,3,200,1024,0.458984375
offpolicy_clip,0,200,1024,0.5380859375
offpolicy_clip,1,200,1024,0.546875
offpolicy_clip,2,200,1024,0.5458984375
offpolicy_clip,3,200,1024,0.5009765625
offpolicy_gspo,0,200,1024,0.5185546875
offpolicy_gspo,1,200,1024,0.4794921875
offpolicy_gspo,2,200,1024,0.529296875
offpolicy_gspo,3,200,1024,0.486328125
offpolicy_naive,0,200,1024,0.5390625
offpolicy_naive,1,200,1024,0.537109375
offpolicy_naive,2,200,1024,0.490234375
offpolicy_naive,3,200,1024,0.388671875
offpolicy_noclip,0,200,1024,0.501953125
offpolicy_noclip,1,200,1024,0.5419921875
offpolicy_noclip,2,200,1024,0.5498046875
offpolicy_noclip,3,200,1024,0.5263671875
prompt_question_only,0,200,1024,0.4521484375
prompt_question_only,1,200,1024,0.4013671875
prompt_question_only,2,200,1024,0.4453125
prompt_question_only,3,200,1024,0.455078125
prompt_r1_zero_three_shot,0,200,1024,0.509765625
prompt_r1_zero_three_shot,1,200,1024,0.5400390625
prompt_r1_zero_three_shot,2,200,1024,0.5087890625
prompt_r1_zero_three_shot,3,200,1024,0.51171875
rft,0,200,1024,0.474609375
rft,1,200,1024,0.4482421875
rft,2,200,1024,0.486328125
rft,3,200,1024,0.46484375
standard,0,200,1024,0.4794921875
standard,1,200,1024,0.4560546875
standard,2,200,1024,0.123046875
standard,3,200,1024,0.466796875
try_your_own,0,200,1024,0.5126953125
try_your_own,1,200,1024,0.490234375
try_your_own,2,200,1024,0.48046875
try_your_own,3,200,1024,0.458984375
