configuration,seeds,final_step,validation_questions,mean_answer_accuracy,sample_sd
dr_grpo,4,200,1024,0.491943359375,0.005190500885124341
grpo_constant,4,200,1024,0.49609375,0.01568591641036036
lr_3e-5,4,200,1024,0.279052734375,0.2718896562272474
lr_5e-6,4,200,1024,0.38525390625,0.013683495805327931
maxrl,4,200,1024,0.476318359375,0.027161490323616908
offpolicy_clip,4,200,1024,0.532958984375,0.021681373690995244
offpolicy_gspo,4,200,1024,0.50341796875,0.024244200756986238
offpolicy_naive,4,200,1024,0.48876953125,0.07044574686337936
offpolicy_noclip,4,200,1024,0.530029296875,0.021101811128479427
prompt_question_only,4,200,1024,0.4384765625,0.025075670797618174
prompt_r1_zero_three_shot,4,200,1024,0.517578125,0.015023412446893654
rft,4,200,1024,0.468505859375,0.01611328125
standard,4,200,1024,0.38134765625,0.17246676212323386
try_your_own,4,200,1024,0.485595703125,0.02228867079903949
