iteration,train_loss,validation_loss,learning_rate,gradient_norm_before_clip,elapsed_seconds
1,9.231608390808105,9.235990047454834,0.0,1.1721659898757935,1.7717663000075845
10,5.752690315246582,,0.0018,1.403555989265442,3.539220899998327
20,4.759352684020996,,0.0038000000000000004,1.0396778583526611,5.496747900004266
30,4.371920108795166,,0.0058000000000000005,0.7676573395729065,7.461528700005147
40,4.211751937866211,,0.0078000000000000005,0.7399924993515015,9.428235700004734
50,4.157832145690918,,0.009800000000000001,0.7693594098091125,11.397604600002524
60,3.917057514190674,,0.011800000000000001,0.5122358798980713,13.368726400003652
70,3.917491912841797,,0.013800000000000002,0.5045110583305359,15.348897500007297
80,3.944566249847412,,0.0158,0.5126987099647522,17.32918780000182
90,3.9376261234283447,,0.0178,0.5093474388122559,19.30803470000683
100,3.9446020126342773,,0.0198,0.5334506034851074,21.287658300003386
110,3.9750986099243164,,0.0218,0.29481640458106995,23.264269499995862
120,3.8087644577026367,,0.0238,0.22319737076759338,25.23821670000325
130,3.866649866104126,,0.0258,0.4127529561519623,27.212752100007492
140,3.9285244941711426,,0.027800000000000002,0.346708208322525,29.187536700002966
150,3.91867733001709,,0.0298,0.31247061491012573,31.16181869999855
160,3.878838062286377,,0.0318,0.2377195656299591,33.13577740000619
170,3.8784451484680176,,0.033800000000000004,0.43727412819862366,35.109548799999175
180,3.9766688346862793,,0.035800000000000005,1.3539245128631592,37.084400599997025
190,3.94173002243042,,0.03780000000000001,1.5743552446365356,39.05509589999565
200,4.1313252449035645,,0.0398,2.3508169651031494,41.0294653000019
210,4.476012229919434,,0.041800000000000004,2.277697801589966,42.99737890000688
220,4.126710891723633,,0.043800000000000006,0.8252624273300171,44.971898200004944
230,4.095613956451416,,0.04580000000000001,3.523672342300415,46.9429925000004
240,4.30119514465332,,0.0478,5.114438056945801,48.91625670000212
250,4.397305488586426,,0.049800000000000004,1.642677664756775,50.89010459999554
260,4.265295505523682,,0.051800000000000006,1.1969281435012817,52.864079899998615
270,4.457942485809326,,0.05380000000000001,1.7993608713150024,54.837718299997505
280,4.221030235290527,,0.0558,1.1766670942306519,56.81150619999971
290,4.112748146057129,,0.057800000000000004,1.1341911554336548,58.78793740000401
300,4.558577537536621,,0.059800000000000006,3.3032681941986084,60.7594809000002
310,4.243443489074707,,0.06180000000000001,4.160656929016113,62.73160890000872
320,4.331478118896484,,0.06380000000000001,3.386967420578003,64.70290720000048
330,5.040320873260498,,0.0658,7.559876441955566,66.67515199999616
340,4.705804824829102,,0.0678,0.6722428202629089,68.65210000000661
350,4.09529447555542,,0.0698,5.203578472137451,70.62505390000297
360,4.32724666595459,,0.0718,0.9511215686798096,72.60563600000751
370,4.286831855773926,,0.07379999999999999,21.39661979675293,74.58184610000171
380,4.351033687591553,,0.07579999999999999,0.6089980602264404,76.56113889999688
390,4.318150520324707,,0.07780000000000001,0.6476876735687256,78.53502540000773
400,4.449138641357422,,0.07980000000000001,1.8953603506088257,80.5073768000002
410,4.47648286819458,,0.08180000000000001,1.053084135055542,82.48288239999965
420,4.202569007873535,,0.08380000000000001,0.3153057396411896,84.45755360000476
430,4.305990219116211,,0.08580000000000002,0.8663315773010254,86.43094849999761
440,4.320921897888184,,0.08780000000000002,0.6150311827659607,88.40403390000574
450,4.179959774017334,,0.0898,0.6699863076210022,90.37753579999844
460,4.415898323059082,,0.0918,1.0911308526992798,92.35559429999557
470,4.402504920959473,,0.09380000000000001,1.2970237731933594,94.32810990000144
480,4.369370937347412,,0.09580000000000001,0.7461592555046082,96.30184080000618
490,4.37281608581543,,0.09780000000000001,1.3696222305297852,98.27590740000596
500,4.293788909912109,4.309756827354431,0.09980000000000001,0.9092183113098145,101.51586020000104
510,4.433290481567383,,0.09999980069428539,4.4556427001953125,103.47429140000895
520,4.455398082733154,,0.09999911173852617,1.1766695976257324,105.43086890000268
530,4.313601970672607,,0.09999793067969048,0.9480156302452087,107.38784540000779
540,4.389184474945068,,0.09999625753069417,0.7319341897964478,109.3498438999959
550,4.397734642028809,,0.09999409230983454,1.0161246061325073,111.30380880000303
560,4.397176265716553,,0.09999143504079011,1.789430856704712,113.25909110000066
570,4.40389347076416,,0.09998828575262034,0.7789698243141174,115.21736730000703
580,4.332710266113281,,0.09998464447976534,0.7529954314231873,117.17355200000748
590,4.385395050048828,,0.09998051126204548,0.9928907752037048,119.13498470000923
600,4.455610275268555,,0.09997588614466098,1.554853081703186,121.10001239999838
610,4.393073081970215,,0.09997076917819135,1.2367998361587524,123.06500879999658
620,4.340071201324463,,0.09996516041859496,1.1363284587860107,125.0413733000023
630,4.356814384460449,,0.0999590599272083,1.3367446660995483,127.01145160000306
640,4.3712568283081055,,0.09995246777074535,0.7637030482292175,128.9738565000007
650,4.332973480224609,,0.09994538402129687,1.970122218132019,130.9529571000021
660,4.437569618225098,,0.09993780875632961,2.80454421043396,132.91057560000627
670,4.521451473236084,,0.0999297420586855,1.4318091869354248,134.887272699998
680,4.583230972290039,,0.0999211840165806,1.1435626745224,136.86405540000123
690,4.392398834228516,,0.09991213472360429,0.9404979348182678,138.84941160000744
700,4.451328754425049,,0.09990259427871821,1.3738188743591309,140.82405840000138
710,4.434482097625732,,0.09989256278625513,1.075507640838623,142.80499640000926
720,4.553958892822266,,0.09988204035591786,1.4931941032409668,144.78858730000502
730,4.3743181228637695,,0.09987102710277798,4.469964981079102,146.76141570000618
740,4.386667251586914,,0.09985952314727468,0.8111198544502258,148.74721100000897
750,4.298230171203613,,0.09984752861521339,5.350901126861572,150.7216186000005
760,4.449143886566162,,0.09983504363776434,1.6713253259658813,152.6979333000054
770,4.508886337280273,,0.0998220683514613,1.5500792264938354,154.69205939999665
780,4.565940856933594,,0.09980860289819989,1.2545511722564697,156.6612637000071
790,4.497671604156494,,0.09979464742523617,1.5439608097076416,158.63451720000012
800,4.497476577758789,,0.09978020208518493,1.3965370655059814,160.62955070000316
810,4.5034403800964355,,0.09976526703601812,8.213617324829102,162.59889570000814
820,4.573232650756836,,0.09974984244106302,0.7902486324310303,164.59392430000298
830,4.535248279571533,,0.09973392846900056,0.9088480472564697,166.58617799999774
840,4.376516342163086,,0.09971752529386335,1.5579981803894043,168.56153279999853
850,4.362912654876709,,0.09970063309503394,1.3078317642211914,170.5405599000078
860,4.280914783477783,,0.09968325205724266,1.5691564083099365,172.519346400004
870,4.449896335601807,,0.09966538237056576,1.7792062759399414,174.50283579999814
880,4.3470869064331055,,0.09964702423042329,0.8122751116752625,176.47719839999627
890,4.435519218444824,,0.09962817783757694,0.6611875295639038,178.4608106000087
900,4.3469953536987305,,0.0996088433981278,0.7018324732780457,180.44012510000903
910,4.327106952667236,,0.09958902112351424,1.4580192565917969,182.42321660000016
920,4.575061321258545,,0.09956871123050946,1.7835614681243896,184.42407940000703
930,4.29603910446167,,0.0995479139412192,0.6543542742729187,186.41794899999513
940,4.332602024078369,,0.0995266294830793,1.5947288274765015,188.38493300000846
950,4.431553840637207,,0.09950485808885315,1.142479419708252,190.3904765000043
960,4.423961639404297,,0.09948259999662926,0.8304359316825867,192.3829767999996
970,4.315112590789795,,0.09945985544981854,2.5419459342956543,194.35275040000852
980,4.4022111892700195,,0.09943662469715174,1.562930941581726,196.3321719000087
990,4.3205132484436035,,0.09941290799267662,0.8046428561210632,198.3187084000092
1000,4.362286567687988,4.355488419532776,0.09938870559575526,1.1631057262420654,201.58195819999673
1010,4.359195232391357,,0.0993640177710612,0.9797424077987671,203.5702619000076
1020,4.4590301513671875,,0.09933884478857656,1.1517596244812012,205.54409619999933
1030,4.310380935668945,,0.09931318692358901,1.0803171396255493,207.53636379999807
1040,4.440455436706543,,0.09928704445668886,0.8718435764312744,209.50909410000895
1050,4.452126979827881,,0.09926041767376595,1.0327023267745972,211.4972063000023
1060,4.439182758331299,,0.0992333068660065,2.1077558994293213,213.49203799999668
1070,4.482847213745117,,0.09920571232988996,2.2343337535858154,215.49165650000214
1080,4.424034118652344,,0.0991776343671858,0.895973265171051,217.51550150000548
1090,4.408740520477295,,0.09914907328495004,3.799924612045288,219.5602341000049
1100,4.430995464324951,,0.09912002939552216,1.0710450410842896,221.61383670000941
1110,4.3769965171813965,,0.09909050301652146,0.9177512526512146,223.65360040000814
1120,4.464203834533691,,0.0990604944708437,2.9052462577819824,225.70794690000184
1130,4.391292572021484,,0.09903000408665752,74.90484619140625,227.75292729999637
1140,4.201201438903809,,0.09899903219740087,1.0247894525527954,229.80100530000345
1150,4.3202009201049805,,0.09896757914177738,0.5439645648002625,231.85088340000948
1160,4.350309371948242,,0.09893564526375263,1.0627785921096802,233.90413409999746
1170,4.242314338684082,,0.09890323091255039,0.902936577796936,235.9562076000002
1180,4.365997314453125,,0.09887033644264881,1.335396409034729,237.9909156000067
1190,4.294816017150879,,0.09883696221377652,1.6120949983596802,240.04219770000782
1200,4.20357084274292,,0.09880310859090881,0.6593121290206909,242.11391519999597
1210,4.312892436981201,,0.09876877594426339,0.998573362827301,244.13495310000144
1220,4.270546913146973,,0.09873396464929662,3.255058765411377,246.18652109999675
1230,4.357314109802246,,0.09869867508669927,0.5355654954910278,248.232869200001
1240,4.196056365966797,,0.0986629076423923,1.2287594079971313,250.28494990000036
1250,4.278929233551025,,0.09862666270752278,1.6419621706008911,252.32741490000626
1260,4.24676513671875,,0.0985899406784595,0.9240893721580505,254.3749700000044
1270,4.222172737121582,,0.09855274195678868,0.9517560601234436,256.42285940000147
1280,4.383538246154785,,0.09851506694930959,0.7748059034347534,258.47426489999634
1290,4.33257532119751,,0.09847691606803007,0.5806112885475159,260.5179921999952
1300,4.395965576171875,,0.09843828973016204,0.6828877329826355,262.5653932999994
1310,4.280311584472656,,0.09839918835811697,1.4870851039886475,264.6167181000055
1320,4.367144584655762,,0.09835961237950115,2.168320655822754,266.66032090000226
1330,4.311614990234375,,0.09831956222711119,0.7844700813293457,268.70851559999574
1340,4.456956386566162,,0.09827903833892913,0.6765475869178772,270.75556700000016
1350,4.229424476623535,,0.09823804115811771,0.9354514479637146,272.8089497000037
1360,4.193853378295898,,0.09819657113301553,1.9363716840744019,274.85634100000607
1370,4.331498146057129,,0.09815462871713213,0.8792210817337036,276.91068640000594
1380,4.505279541015625,,0.09811221436914307,0.8664231896400452,278.9627432999987
1390,4.389121055603027,,0.09806932855288485,5.499668121337891,281.13853460000246
1400,4.381072044372559,,0.09802597173734989,1.4395897388458252,283.2252875999984
1410,4.311709880828857,,0.09798214439668139,1.6653586626052856,285.3055955000018
1420,4.349856376647949,,0.09793784701016811,1.209965467453003,287.3713487000059
1430,4.248349189758301,,0.0978930800622392,1.8612507581710815,289.41594000000623
1440,4.418922424316406,,0.09784784404245878,1.0079220533370972,291.46296099999745
1450,4.431354522705078,,0.09780213944552074,0.7472720742225647,293.51106119999895
1460,4.363333702087402,,0.09775596677124326,0.9528074860572815,295.55655779999506
1470,4.183523178100586,,0.09770932652456327,0.9946383237838745,297.6014511999965
1480,4.348341941833496,,0.09766221921553103,0.8369911313056946,299.64435820000654
1490,4.372555732727051,,0.09761464535930456,0.6205523014068604,301.70608610000636
1500,4.272352695465088,4.294596433639526,0.0975666054761439,1.9116216897964478,305.22652209999796
1510,4.251303672790527,,0.09751810009140553,1.8624866008758545,307.34530440000526
1520,4.27345085144043,,0.09746912973553656,1.1821790933609009,309.46914610000385
1530,4.224814414978027,,0.09741969494406898,2.463599681854248,311.52981290000025
1540,4.234633922576904,,0.0973697962576137,0.5397956967353821,313.68879000000015
1550,4.295577049255371,,0.0973194342218548,0.6291643381118774,315.8385233000008
1560,4.278873443603516,,0.09726860938754342,2.0140984058380127,317.99696990000666
1570,4.2121100425720215,,0.09721732231049181,0.8388703465461731,320.14170180000656
1580,4.30733585357666,,0.09716557355156721,0.8486568927764893,322.27371049999783
1590,4.285879135131836,,0.09711336367668578,1.0812715291976929,324.4156985000009
1600,4.306056022644043,,0.09706069325680634,1.3754799365997314,326.5470054000034
1610,4.325234889984131,,0.09700756286792418,1.0299557447433472,328.70305830000143
1620,4.360466480255127,,0.0969539730910647,0.5655977725982666,330.818268300005
1630,4.313687324523926,,0.0968999245122771,1.0138174295425415,332.9684391000046
1640,4.347724437713623,,0.096845417722628,0.5111614465713501,335.09615090000443
1650,4.44757080078125,,0.09679045331819493,1.7988086938858032,337.2307196000038
1660,4.380763053894043,,0.09673503190005978,3.677079677581787,339.2416185000038
1670,4.413618564605713,,0.0966791540743023,1.129146933555603,341.2490080999996
1680,4.300275802612305,,0.09662282045199345,0.7125452756881714,343.2146672999952
1690,4.293479919433594,,0.09656603164918874,0.6235154271125793,345.2857139999978
1700,4.432261943817139,,0.09650878828692137,0.8746232986450195,347.3465305999998
1710,4.36904239654541,,0.09645109099119557,0.7985737919807434,349.42206779999833
1720,4.30759859085083,,0.09639294039297976,1.2852857112884521,351.4908929000085
1730,4.476022720336914,,0.09633433712819954,1.6782078742980957,353.5674597000034
1740,4.339568138122559,,0.09627528183773083,1.0802432298660278,355.6055817000015
1750,4.291260719299316,,0.09621577516739284,3.4172306060791016,357.584775299998
1760,4.384683609008789,,0.09615581776794097,0.6412274837493896,359.56550199999765
1770,4.342345237731934,,0.09609541029505972,0.9132320284843445,361.5704349000007
1780,4.489466667175293,,0.09603455340935556,1.1962755918502808,363.5992525000038
1790,4.586301803588867,,0.09597324777634962,0.9771416783332825,365.58233820000896
1800,4.428619384765625,,0.09591149406647051,0.8979992866516113,367.59299240000837
1810,4.4519758224487305,,0.09584929295504688,0.8160175085067749,369.5851573999971
1820,4.296055793762207,,0.09578664512230013,1.0608019828796387,371.5727292000083
1830,4.397332668304443,,0.09572355125333692,0.5406821966171265,373.5186651999975
1840,4.270777225494385,,0.09566001203814169,0.9952936768531799,375.4949595000071
1850,4.241903305053711,,0.09559602817156913,1.7640653848648071,377.4634728000092
1860,4.291899681091309,,0.09553160035333655,4.453179359436035,379.4637683000037
1870,4.322303295135498,,0.09546672928801622,0.8834313750267029,381.50163969999994
1880,4.364651679992676,,0.09540141568502775,0.7876548171043396,383.6000750999956
1890,4.35185432434082,,0.09533566025863023,1.1141554117202759,385.69313420000253
1900,4.302664756774902,,0.09526946372791448,0.7504206895828247,387.8114679999999
1910,4.276848793029785,,0.09520282681679512,1.6006529331207275,389.9773874000093
1920,4.234364032745361,,0.09513575025400275,1.3153891563415527,392.10703709999507
1930,4.257530689239502,,0.09506823477307592,0.8782663941383362,394.253443900001
1940,4.211996078491211,,0.09500028111235313,1.482462763786316,396.3683383000025
1950,4.406820297241211,,0.0949318900149647,0.8289061784744263,398.6828336000035
1960,4.51411247253418,,0.09486306222882471,1.9019732475280762,400.84492370000225
1970,4.323546409606934,,0.09479379850662281,0.8670275807380676,402.9918413999985
1980,4.3449811935424805,,0.09472409960581599,0.8023163676261902,405.1326950000075
1990,4.2945685386657715,,0.09465396628862023,0.6662818789482117,407.27994839999883
2000,4.3544793128967285,4.3295234680175785,0.09458339932200227,2.5335819721221924,410.83874079999805
2010,4.352838516235352,,0.09451239947767115,0.7454275488853455,412.9796664000023
2020,4.4135894775390625,,0.09444096753206978,3.561495304107666,415.1327103000076
2030,4.423796653747559,,0.09436910426636648,2.5989043712615967,417.2683713000006
2040,4.2434234619140625,,0.09429681046644642,1.290050745010376,419.43142429999716
2050,4.29300594329834,,0.09422408692290299,0.9766280651092529,421.56730219999736
2060,4.2522735595703125,,0.09415093443102925,0.863877534866333,423.73234740000044
2070,4.215151786804199,,0.09407735379080907,0.7789175510406494,425.8816949000029
2080,4.42539644241333,,0.0940033458069086,2.317445993423462,428.04632039999706
2090,4.283585071563721,,0.09392891128866727,1.1335947513580322,430.18315569999686
2100,4.283378601074219,,0.09385405105008907,1.931365728378296,432.35789510000905
2110,4.314329147338867,,0.09377876590983354,2.26309871673584,434.49765980000666
2120,4.473166465759277,,0.09370305669120693,1.5571420192718506,436.66568940000434
2130,4.325671195983887,,0.09362692422215312,0.7921822667121887,438.7996761999966
2140,4.494625568389893,,0.09355036933524459,1.0461219549179077,440.967518400008
2150,4.343247890472412,,0.09347339286767334,7.692087650299072,443.1033984999958
2160,4.426414489746094,,0.09339599566124167,0.8972388505935669,445.2515473000094
2170,4.299949645996094,,0.09331817856235301,0.5946682095527649,447.3683572000009
2180,4.396927833557129,,0.09323994242200272,1.172204613685608,449.5168663000077
2190,4.283478736877441,,0.0931612880957687,0.6505598425865173,451.63862840000365
2200,4.4213762283325195,,0.09308221644380202,1.0191205739974976,453.7767853999976
2210,4.398603439331055,,0.09300272833081764,1.1665802001953125,455.92101010000624
2220,4.359096050262451,,0.0929228246260848,0.9214505553245544,458.04678299999796
2230,4.331462860107422,,0.09284250620341762,0.6685908436775208,460.20327949999773
2240,4.473174571990967,,0.0927617739411655,0.4199376702308655,462.31178190000355
2250,4.631609916687012,,0.09268062872220353,0.9318690896034241,464.35359480000625
2260,4.327046871185303,,0.09259907143392283,1.0219030380249023,466.32918100000825
2270,4.341435432434082,,0.09251710296822085,4.56549596786499,468.32399940000323
2280,4.469388961791992,,0.09243472422149156,0.5466778874397278,470.37904539999727
2290,4.476119041442871,,0.09235193609461577,0.7244589328765869,472.36441940000805
2300,4.44940710067749,,0.09226873949295114,1.1954317092895508,474.3496906000073
2310,4.3036065101623535,,0.09218513532632241,1.9538092613220215,476.4017424000049
2320,4.35752534866333,,0.09210112450901134,1.392462134361267,478.46360319999803
2330,4.229528427124023,,0.09201670795974676,0.9717323184013367,480.52669860000606
2340,4.209718704223633,,0.09193188660169452,1.1460479497909546,482.6050122000015
2350,4.354985237121582,,0.09184666136244743,12.00664234161377,484.62550080000074
2360,4.361370086669922,,0.09176103317401503,0.9922212958335876,486.59598919999553
2370,4.277190208435059,,0.09167500297281347,0.9616188406944275,488.60043340000266
2380,4.433757305145264,,0.09158857169965527,0.9051864743232727,490.60823820000223
2390,4.445983409881592,,0.09150174029973897,1.351016879081726,492.62396440000157
2400,4.4413065910339355,,0.09141450972263884,0.49283766746520996,494.60628410000936
2410,4.341161251068115,,0.09132688092229452,0.7311651706695557,496.6003735999984
2420,4.321702480316162,,0.09123885485700048,9.083639144897461,498.57483800000045
2430,4.296605110168457,,0.09115043248939574,0.36089077591896057,500.5310952
2440,4.3095574378967285,,0.09106161478645308,1.4098336696624756,502.50621859999956
2450,4.591483116149902,,0.0909724027194687,0.6428428888320923,504.4972817000089
2460,4.475038528442383,,0.09088279726405148,0.6884087920188904,506.48161550000077
2470,4.242243766784668,,0.09079279940011231,1.099707007408142,508.51667440000165
2480,4.3943891525268555,,0.09070241011185343,0.7320440411567688,510.63223430000653
2490,4.415923118591309,,0.09061163038775756,0.645064651966095,512.7808761000051
2500,4.348976135253906,4.3406002759933475,0.09052046122057728,0.7555687427520752,516.2944550999964
2510,4.383152008056641,,0.09042890360732397,1.1895272731781006,518.6665464999969
2520,4.396284580230713,,0.09033695854925704,0.7098404169082642,520.7943476000073
2530,4.272193431854248,,0.09024462705187286,0.6233825087547302,522.9091562999965
2540,4.3682861328125,,0.09015191012489396,0.6357322931289673,525.1592898999952
2550,4.245047569274902,,0.09005880878225775,1.146475076675415,527.3136951000051
2560,4.37205171585083,,0.08996532404210562,1.0000903606414795,529.4631311999983
2570,4.342533111572266,,0.08987145692677172,2.5109596252441406,531.6210968000087
2580,4.291433334350586,,0.08977720846277175,0.7140293717384338,533.7671777000069
2590,4.418569087982178,,0.08968257968079184,1.4195212125778198,535.9263253999961
2600,4.252878189086914,,0.08958757161567718,0.48122885823249817,538.0845873000071
2610,4.316810607910156,,0.08949218530642075,1.025488257408142,540.2569823000085
2620,4.374013423919678,,0.08939642179615194,0.9507635235786438,542.3869287999987
2630,4.297354698181152,,0.08930028213212517,1.7682565450668335,544.5439454000007
2640,4.269269943237305,,0.0892037673657084,0.7323800325393677,546.6693063999992
2650,4.424315452575684,,0.08910687855237164,1.543687105178833,548.8103566000063
2660,4.319831848144531,,0.08900961675167543,0.857683539390564,550.950087300007
2670,4.201513290405273,,0.08891198302725925,1.2254142761230469,553.0760401000007
2680,4.272520065307617,,0.08881397844682985,3.4392528533935547,555.2195320000028
2690,4.262146472930908,,0.08871560408214965,0.6866225600242615,557.324600100008
2700,4.269227027893066,,0.08861686100902494,0.6533776521682739,559.4725990000006
2710,4.164958953857422,,0.08851775030729411,0.43985843658447266,561.6013735000015
2720,4.169771671295166,,0.08841827306081594,2.0105714797973633,563.7392053000076
2730,4.373827934265137,,0.08831843035745766,1.006667137145996,565.898319400003
2740,4.195803165435791,,0.08821822328908308,0.5434714555740356,568.0506378999999
2750,4.167872428894043,,0.08811765295154066,7.266354560852051,570.2133533000015
2760,4.294846534729004,,0.08801672044465143,3.8424081802368164,572.344154499995
2770,4.360845565795898,,0.0879154268721972,0.5280652642250061,574.4861625000049
2780,4.18308162689209,,0.08781377334190821,0.4589098393917084,576.5943867000024
2790,4.291894912719727,,0.08771176096545116,1.677403211593628,578.7386616000003
2800,4.20782470703125,,0.08760939085841711,0.849575400352478,580.8571085000003
2810,4.302094459533691,,0.0875066641403091,1.2027603387832642,582.9792525000084
2820,4.316854953765869,,0.08740358193453009,0.8873944878578186,585.117433899999
2830,4.2447052001953125,,0.08730014536837055,3.066971778869629,587.2259406000085
2840,4.226626873016357,,0.0871963555729962,1.0294989347457886,589.3700623000041
2850,4.304694175720215,,0.08709221368343562,1.1032109260559082,591.5044808000093
2860,4.210700035095215,,0.08698772083856782,1.0031360387802124,593.6257006000087
2870,4.249253273010254,,0.08688287818110983,1.1464123725891113,595.7597687000089
2880,4.225336074829102,,0.08677768685760413,1.5266958475112915,597.8705234000081
2890,4.289388656616211,,0.0866721480184062,1.100394368171692,599.9499743000051
2900,4.305816650390625,,0.08656626281767184,0.76772540807724,602.0039027000021
2910,4.34229850769043,,0.08646003241334468,1.0460063219070435,604.040395700009
2920,4.41461181640625,,0.0863534579671434,2.807072639465332,606.1336104000075
2930,4.327583312988281,,0.08624654064454906,0.7188398241996765,608.2945176000067
2940,4.178434371948242,,0.08613928161479237,0.7947508692741394,610.7177614999964
2950,4.3163065910339355,,0.0860316820508409,10.746304512023926,613.1737267999997
2960,4.2599616050720215,,0.08592374312938622,0.881697952747345,615.615109300008
2970,4.279350757598877,,0.08581546603083111,0.6591039896011353,618.0572188000078
2980,4.301877975463867,,0.08570685193927655,0.716137170791626,620.4924181999959
2990,4.195574760437012,,0.08559790204250887,0.5454550981521606,622.9585588000045
3000,4.209773063659668,4.279600667953491,0.08548861753198667,1.7629860639572144,626.9624664000003
3010,4.23983097076416,,0.08537899960282784,0.9669307470321655,629.3941582999978
3020,4.273315906524658,,0.0852690494537965,0.790962278842926,634.0582461000013
3030,4.238161087036133,,0.08515876828728985,0.8420132398605347,640.1991720000078
3040,4.3505096435546875,,0.08504815730932509,0.4276026785373688,646.2656912000093
3050,4.280630588531494,,0.08493721772952613,1.0000624656677246,651.3702820000035
3060,4.21228551864624,,0.08482595076111045,1.6252264976501465,655.9259791000077
3070,4.289132118225098,,0.0847143576208758,0.6389362812042236,660.4519858999993
3080,4.193090438842773,,0.08460243952918685,1.29352605342865,665.0155972000066
3090,4.268654823303223,,0.08449019770996194,0.5261714458465576,670.151664200006
3100,4.242663383483887,,0.08437763339065962,0.8199947476387024,675.4907841999957
3110,4.357680320739746,,0.08426474780226527,0.5952498912811279,680.6460408999992
3120,4.165910720825195,,0.08415154217927756,0.7347481846809387,685.4695051000017
3130,4.102209568023682,,0.08403801775969508,0.6752712726593018,690.5454501000058
3140,4.18053674697876,,0.08392417578500268,1.0650616884231567,696.2258632000012
3150,4.289432525634766,,0.08381001750015794,0.5027195811271667,702.4762609000027
3160,4.263777256011963,,0.08369554415357762,0.552513062953949,708.1671783000056
3170,4.306479454040527,,0.08358075699712385,3.3233115673065186,714.9255778000079
3180,4.300967216491699,,0.08346565728609061,0.5760193467140198,720.1395807000081
3190,4.4188032150268555,,0.08335024627918988,1.0538791418075562,726.7706773999962
3200,4.189953327178955,,0.08323452523853796,0.6682686805725098,733.3627198000031
3210,4.354084014892578,,0.08311849542964161,1.3940519094467163,740.2566372000001
3220,4.403740882873535,,0.0830021581213842,0.8449171185493469,746.5876447000046
3230,4.289848804473877,,0.08288551458601194,0.4026868939399719,753.7098249999981
3240,4.331664085388184,,0.08276856609911983,0.7159273028373718,759.9989137000084
3250,4.152981758117676,,0.08265131393963775,1.1799931526184082,765.3586809999979
3260,4.2417755126953125,,0.08253375938981657,2.6643500328063965,771.9008633000049
3270,4.232940196990967,,0.08241590373521399,0.6097027063369751,778.0330902999995
3280,4.343080520629883,,0.08229774826468059,0.7823391556739807,783.5940848000027
3290,4.129624366760254,,0.08217929427034565,0.7397777438163757,789.4622741000057
3300,4.265670299530029,,0.08206054304760309,0.7876548171043396,796.727621900005
3310,4.250345230102539,,0.08194149589509722,1.7056081295013428,803.5806703999988
3320,4.21690559387207,,0.08182215411470868,0.5440868139266968,809.3096117999958
3330,4.335227012634277,,0.08170251901153999,0.9428979754447937,815.4304431000055
3340,4.3602094650268555,,0.08158259189390155,1.4443496465682983,820.4395884999976
3350,4.29010009765625,,0.08146237407329705,1.583216905593872,826.4845332999976
3360,4.3302083015441895,,0.08134186686440933,0.589128315448761,831.7702395000088
3370,4.189815998077393,,0.08122107158508593,0.425360769033432,836.8160927999998
3380,4.216407775878906,,0.08109998955632466,0.5047672986984253,843.4816526000068
3390,4.177361965179443,,0.08097862210225919,0.5629905462265015,849.0844672999956
3400,4.219650745391846,,0.08085697055014454,0.408500075340271,854.5986279000062
3410,4.19022274017334,,0.08073503623034262,2.0136964321136475,861.1696665000054
3420,4.213393211364746,,0.0806128204763076,0.9318589568138123,868.9648843000032
3430,4.252955436706543,,0.08049032462457138,0.7796432971954346,875.9891743000044
3440,4.246429443359375,,0.08036755001472898,2.1828842163085938,882.2985833999992
3450,4.206998348236084,,0.08024449798942387,0.6632753014564514,888.3461083000002
3460,4.224869728088379,,0.08012116989433327,0.9031778573989868,893.2573382999981
3470,4.346428871154785,,0.07999756707815346,1.0491409301757812,899.5299154999957
3480,4.160184860229492,,0.07987369089258506,0.8836331963539124,906.3420104999968
3490,4.305388450622559,,0.07974954269231817,0.9928633570671082,912.8498933000083
3500,4.241647720336914,4.203535270690918,0.07962512383501763,2.0648534297943115,920.8362221999996
3510,4.243093013763428,,0.07950043568130813,0.7214950919151306,926.4683778000035
3520,4.192185401916504,,0.07937547959475932,2.296785354614258,931.7053129999986
3530,4.165332794189453,,0.07925025694187096,0.7815679311752319,937.0925370000041
3540,4.163908004760742,,0.07912476909205791,0.6830211281776428,943.0532517999964
3550,4.280585765838623,,0.07899901741763522,1.4216651916503906,949.3433495000063
3560,4.308650970458984,,0.07887300329380303,0.8655185103416443,955.6106704999984
3570,4.186933517456055,,0.07874672809863162,0.46284937858581543,961.3081873000046
3580,4.258659362792969,,0.07862019321304627,6.536038398742676,966.3599934000085
3590,4.198667049407959,,0.07849340002081223,0.714005172252655,972.2110284000082
3600,4.279216766357422,,0.07836634990851955,0.6712542176246643,979.6941444999975
3610,4.174004554748535,,0.07823904426556788,5.824941635131836,987.1604365999956
3620,4.19717264175415,,0.07811148448415135,0.5056958198547363,993.6670204999973
3630,4.273290157318115,,0.0779836719592433,22.47835350036621,1000.0263722000091
3640,4.279384613037109,,0.077855608088581,0.7153580188751221,1006.0516807000095
3650,4.294587135314941,,0.07772729427265043,14.759153366088867,1012.7628307999985
3660,4.1805620193481445,,0.07759873191467094,0.9401782155036926,1019.1818870999996
3670,4.226152420043945,,0.07746992242057987,0.8917683362960815,1025.7127327000053
3680,4.122778415679932,,0.0773408671990172,0.6424758434295654,1031.855883199998
3690,4.298793315887451,,0.07721156766131017,0.6189719438552856,1037.251301700002
3700,4.330935478210449,,0.0770820252214578,1.5724937915802002,1045.3185066000005
3710,4.268150329589844,,0.07695224129611546,0.6710555553436279,1052.6805984000093
3720,4.280946254730225,,0.07682221730457937,0.5789618492126465,1060.3514725999994
3730,4.270975112915039,,0.07669195466877106,2.5772995948791504,1066.5962471999956
3740,4.293123245239258,,0.07656145481322187,9.590824127197266,1073.2156420999963
3750,4.291494369506836,,0.07643071916505727,1.2633570432662964,1079.2076203000033
3760,4.295365333557129,,0.07629974915398138,0.9530711770057678,1083.8790630000003
3770,4.30781364440918,,0.0761685462122613,0.8275271058082581,1090.9331603000028
3780,4.2681427001953125,,0.0760371117747113,3.469003438949585,1096.7100390999985
3790,4.291847229003906,,0.0759054472786774,0.9402554631233215,1103.5242115
3800,4.1893205642700195,,0.0757735541640214,1.4181209802627563,1107.9268775999954
3810,4.243739128112793,,0.0756414338731053,0.45065417885780334,1112.4955440000049
3820,4.350343704223633,,0.07550908785077538,0.7965807914733887,1119.7856944000087
3830,4.332414627075195,,0.0753765175443466,2.091416835784912,1126.638275899997
3840,4.243112564086914,,0.07524372440358655,0.7037663459777832,1132.6163501999981
3850,4.288870811462402,,0.07511070988069975,1.1626704931259155,1139.7258156000025
3860,4.244777679443359,,0.07497747543031172,0.5822476744651794,1146.4907261000044
3870,4.163278579711914,,0.07484402250945307,0.9066187739372253,1151.896378999998
3880,4.355149745941162,,0.07471035257754353,0.6300243139266968,1157.2934142000013
3890,4.383267402648926,,0.0745764670963761,0.7407946586608887,1163.2642534000042
3900,4.31779670715332,,0.0744423675301009,0.9285609722137451,1170.932920799998
3910,4.300484657287598,,0.07430805534520936,0.5900803208351135,1178.0133494000038
3920,4.209726333618164,,0.07417353201051798,0.496999055147171,1184.6924551999982
3930,4.197239875793457,,0.0740387989971524,0.4918670654296875,1190.898703800005
3940,4.295992851257324,,0.0739038577785313,0.5514155626296997,1196.4141862999968
3950,4.272100448608398,,0.07376870983035017,4.539754867553711,1203.5126123000082
3960,4.413410663604736,,0.07363335663056536,0.6174471974372864,1208.4522553999996
3970,4.253438949584961,,0.07349779965937775,0.8214572072029114,1215.167368800001
3980,4.331862449645996,,0.07336204039921668,0.7833090424537659,1221.538358500009
3990,4.2560014724731445,,0.07322608033472368,0.7147454619407654,1226.9101661000022
4000,4.35546875,4.201084542274475,0.0730899209527362,0.7320026755332947,1236.5799173999985
4010,4.299962043762207,,0.07295356374227145,0.534716784954071,1241.8569466000044
4020,4.156485080718994,,0.07281701019451003,0.7129097580909729,1249.6116958000057
4030,4.249244689941406,,0.07268026180277967,0.6182984113693237,1257.7623260999972
4040,4.225060939788818,,0.07254332006253884,0.3840324580669403,1264.8795858000085
4050,4.355835914611816,,0.0724061864713605,0.46333402395248413,1269.9604108000058
4060,4.172032356262207,,0.07226886252891564,0.6837395429611206,1274.4259754000086
4070,4.291504859924316,,0.07213134973695688,2.0445103645324707,1278.5526249999966
4080,4.118897438049316,,0.07199364959930207,1.0957207679748535,1282.7979068999994
4090,4.401700019836426,,0.07185576362181788,0.4488162398338318,1286.8176367999986
4100,4.174300193786621,,0.07171769331240324,1.2231100797653198,1291.856306200003
4110,4.207453727722168,,0.07157944018097295,1.4525986909866333,1298.8969762000052
4120,4.1575117111206055,,0.0714410057394411,1.0057741403579712,1305.536706800005
4130,4.250700950622559,,0.07130239150170456,0.6427702903747559,1311.531697600003
4140,4.255925178527832,,0.07116359898362644,0.8278643488883972,1316.3876760999992
4150,4.097792625427246,,0.07102462970301947,1.103460431098938,1322.3786487000034
4160,4.218772888183594,,0.07088548517962945,0.623306155204773,1327.9303064999986
4170,4.172756671905518,,0.07074616693511858,0.5602606534957886,1334.6295983000018
4180,4.2141594886779785,,0.07060667649304886,0.9774366617202759,1342.485579100001
4190,4.362897872924805,,0.07046701537886542,6.521658897399902,1349.5045840999956
4200,4.2795281410217285,,0.07032718511987984,0.6009917855262756,1356.3504260000045
4210,4.414645671844482,,0.07018718724525343,1.0756499767303467,1363.1848957000038
4220,4.472903251647949,,0.07004702328598049,1.1711012125015259,1368.0973820000072
4230,4.392479419708252,,0.06990669477487164,1.3949755430221558,1372.5613982000068
4240,4.189600944519043,,0.06976620324653701,0.5454254746437073,1377.1673345000017
4250,4.218055725097656,,0.06962555023736944,0.5224642157554626,1381.8054560000019
4260,4.193626403808594,,0.06948473728552766,0.4902482330799103,1387.4032933999988
4270,4.222345352172852,,0.06934376593091961,1.2984453439712524,1394.065416700003
4280,4.252218246459961,,0.06920263771518541,0.7576231360435486,1400.6073591000022
4290,4.062550067901611,,0.06906135418168062,1.1936331987380981,1406.224224400008
4300,4.203101634979248,,0.06891991687545934,1.745019793510437,1411.9878174000041
4310,4.302641868591309,,0.06877832734325726,0.9875519275665283,1418.1166803000087
4320,4.222458839416504,,0.06863658713347484,0.4406279921531677,1423.4962574000092
4330,4.148359298706055,,0.0684946977961603,0.7159399390220642,1429.5747224000079
4340,4.256509304046631,,0.0683526608829927,1.9085900783538818,1434.6899281000078
4350,4.1998491287231445,,0.068210477947265,1.1088643074035645,1441.3684740000026
4360,4.162242889404297,,0.06806815054386693,0.7153093814849854,1449.6895972000057
4370,4.229763507843018,,0.06792568022926825,1.1582732200622559,1457.5181469999952
4380,4.168441295623779,,0.06778306856150144,0.5234580636024475,1462.6918939000025
4390,4.20796012878418,,0.06764031710014487,1.0010885000228882,1467.4719855000003
4400,4.218138694763184,,0.06749742740630567,0.6389392614364624,1472.6811719999969
4410,4.283934116363525,,0.0673544010426026,0.6221859455108643,1477.8850553000084
4420,4.208892345428467,,0.06721123957314909,0.4353061020374298,1484.3676106000057
4430,4.202362060546875,,0.06706794456353601,7.5416107177734375,1491.3455022999988
4440,4.187251091003418,,0.06692451758081465,0.4716452360153198,1498.359666400007
4450,4.204705715179443,,0.06678096019347948,0.5866908431053162,1505.3324849000055
4460,4.374814510345459,,0.06663727397145112,0.6858893036842346,1512.2316221000074
4470,4.2667236328125,,0.06649346048605909,2.031559467315674,1516.5579440000001
4480,4.193731307983398,,0.06634952131002458,0.8060592412948608,1520.788514800006
4490,4.223013401031494,,0.06620545801744339,0.7919560074806213,1525.7530797000072
4500,4.431418418884277,4.21934015750885,0.06606127218376857,1.7353558540344238,1535.2026313999959
4510,4.2455902099609375,,0.06591696538579334,0.8255493640899658,1540.3996096000046
4520,4.164536476135254,,0.0657725392016337,0.9584437608718872,1546.6403719000082
4530,4.204329490661621,,0.06562799521071126,0.8268716931343079,1553.0179279000004
4540,4.206357002258301,,0.06548333499373596,1.2928608655929565,1559.1731252000027
4550,4.283840179443359,,0.06533856013268874,0.46331673860549927,1566.5933022999961
4560,4.290241241455078,,0.0651936722108043,0.5594120621681213,1574.4446772000083
4570,4.353848934173584,,0.06504867281255372,0.307010293006897,1580.9081199000066
4580,4.182219505310059,,0.06490356352362721,1.5814508199691772,1585.9065964000038
4590,4.091407299041748,,0.0647583459309167,2.0419819355010986,1592.7718343000015
4600,4.242880821228027,,0.06461302162249849,3.35786771774292,1598.1182131999958
4610,4.204592704772949,,0.06446759218761598,1.5279093980789185,1602.8015142000077
4620,4.277548313140869,,0.06432205921666216,0.7862913608551025,1608.568959199998
4630,4.184296607971191,,0.06417642430116226,1.3721463680267334,1615.8122748000023
4640,4.218998908996582,,0.06403068903375639,0.42495667934417725,1622.7970995000069
4650,4.180063247680664,,0.06388485500818211,0.7184898257255554,1629.2487311000004
4660,4.179105758666992,,0.06373892381925693,0.8820298910140991,1634.9434513000015
4670,4.158974647521973,,0.06359289706286095,1.0207335948944092,1640.622077699998
4680,4.163309097290039,,0.0634467763359194,4.122975826263428,1647.5650798999995
4690,4.276893615722656,,0.06330056323638514,1.4522666931152344,1653.7495436000027
4700,4.156020164489746,,0.06315425936322118,0.5920194387435913,1659.312985800003
4710,4.159468650817871,,0.06300786631638328,0.6585171222686768,1665.355335100001
4720,4.176916122436523,,0.06286138569680229,0.6711191534996033,1669.699665799999
4730,4.262152671813965,,0.06271481910636685,0.715574324131012,1673.8091480000003
4740,4.294651031494141,,0.06256816814790567,1.877233862876892,1677.8996735999972
4750,4.361390590667725,,0.06242143442517014,0.6181188821792603,1681.9935693000007
4760,4.327856063842773,,0.06227461954281678,1.355729579925537,1686.0112668000074
4770,4.26967716217041,,0.06212772510638958,40.76820373535156,1689.8053091000038
4780,4.170963287353516,,0.06198075272230259,0.6413415670394897,1694.2032437000016
4790,4.169038772583008,,0.06183370399782224,0.7467439770698547,1700.141317600006
4800,4.157071113586426,,0.06168658054104983,5.65465784072876,1707.963759899998
4810,4.054590225219727,,0.0615393839609039,0.48563462495803833,1715.2631969000067
4820,4.260102272033691,,0.06139211586710267,0.809526264667511,1720.6929982000001
4830,4.169004440307617,,0.06124477787014644,0.5524715781211853,1725.2310358999966
4840,4.193856239318848,,0.061097371581299915,0.620724618434906,1729.1857883000048
4850,4.078277587890625,,0.060949898612574674,0.8110852837562561,1733.0735891000077
4860,4.161346435546875,,0.06080236057671145,5.74751615524292,1737.067350199999
4870,4.24005126953125,,0.060654759087162585,0.5931029319763184,1741.112076000005
4880,4.173290729522705,,0.060507095758074315,0.49551618099212646,1745.1659770999977
4890,4.320713043212891,,0.06035937220426915,1.9313232898712158,1749.2290816000022
4900,4.161287307739258,,0.06021159004122821,1.0217058658599854,1753.614839700007
4910,4.0155744552612305,,0.060063750885073534,0.8654956221580505,1761.5968307000003
4920,4.266147613525391,,0.059915856352550485,4.798810958862305,1768.2948958000052
4930,4.127407073974609,,0.059767908061009935,0.8003145456314087,1773.1883859000081
4940,4.160841941833496,,0.059619907628390735,0.8103238344192505,1779.2950490000076
4950,4.363410472869873,,0.059471856673201866,3.826213836669922,1785.678467100006
4960,4.269103527069092,,0.059323756814504885,0.9865260124206543,1791.5510391999997
4970,4.18679141998291,,0.05917560967189611,0.42641690373420715,1796.437229999996
4980,4.324761390686035,,0.05902741686548895,0.6389479637145996,1802.0326971000031
4990,4.298559665679932,,0.0588791800158962,0.8907026648521423,1807.6780242999957
5000,4.128767967224121,4.202363729476929,0.05873090074421229,1.5532759428024292,1818.5898153000016
5010,4.295638561248779,,0.0585825806719956,0.8598762154579163,1825.7821292000008
5020,4.198132514953613,,0.058434221421250654,1.8206347227096558,1831.695975900002
5030,4.2480926513671875,,0.05828582461441044,1.0648752450942993,1837.1587846000039
5040,4.189806938171387,,0.0581373918743187,0.6175950765609741,1842.4037261000049
5050,4.20354700088501,,0.05798892482421206,0.5903840661048889,1847.6820745000005
5060,4.156669616699219,,0.05784042508770242,0.7891743183135986,1852.9396960000013
5070,4.3245439529418945,,0.05769189428875911,0.7663388848304749,1857.7652263000055
5080,4.150304794311523,,0.05754333405169112,3.4318623542785645,1864.1597325000039
5090,4.155550003051758,,0.057394746001129426,3.7700443267822266,1871.1132783000066
5100,4.164420127868652,,0.057246131762009114,5.05119514465332,1875.6610007999989
5110,4.140315532684326,,0.05709749295955174,0.7844498157501221,1879.7966716000083
5120,4.274828910827637,,0.0569488312192474,6.296448707580566,1883.991000199996
5130,4.097827911376953,,0.05680014816683708,0.654471755027771,1888.1382385000034
5140,4.2076826095581055,,0.05665144542829482,0.5149809718132019,1892.341031200005
5150,4.206551551818848,,0.05650272462980993,0.8854622840881348,1896.6130024000013
5160,4.121284484863281,,0.05635398739776926,2.3147430419921875,1900.996935400006
5170,4.225874900817871,,0.056205235358739315,0.826343834400177,1905.2198000000062
5180,4.192718982696533,,0.0560564701394486,1.2470844984054565,1909.7948957000044
5190,4.237024784088135,,0.055907693366769706,0.6162859201431274,1916.1591950000002
5200,4.21295166015625,,0.055758906667701565,2.3980603218078613,1923.1410062000068
5210,4.312376976013184,,0.0556101116693517,0.6534600853919983,1930.3381289999961
5220,4.185266494750977,,0.055461309998918365,1.8118400573730469,1937.7625722000084
5230,4.176143646240234,,0.0553125032836728,0.5761021375656128,1944.5739941000065
5240,4.171051502227783,,0.05516369315094138,0.6764393448829651,1950.733432100009
5250,4.18129825592041,,0.055014881228087884,0.4751448929309845,1955.9411731
5260,4.209615230560303,,0.05486606914249567,0.35482096672058105,1962.1631348000083
5270,4.1580305099487305,,0.05471725852154986,0.4315335154533386,1967.7659770000027
5280,4.243110179901123,,0.05456845099261955,0.6456493735313416,1973.0477836000064
5290,4.029641151428223,,0.05441964818304005,0.7203327417373657,1978.1937161999958
5300,4.055681228637695,,0.054270851720095034,2.0771400928497314,1984.9006320000044
5310,4.064031600952148,,0.054122063230998795,1.5141249895095825,1990.7744982000004
5320,4.228757858276367,,0.053973284342878396,0.4832712709903717,1996.4432789999992
5330,4.213727951049805,,0.053824516682755945,2.038198471069336,2002.3458389000007
5340,4.156795024871826,,0.053675761877530696,0.7791236639022827,2007.2711223000078
5350,4.185335636138916,,0.053527021553961406,0.9215421080589294,2014.2484339000075
5360,4.28348445892334,,0.05337829733864841,0.8048390746116638,2020.0664074000088
5370,4.270932197570801,,0.0532295908580159,0.7038392424583435,2024.7774415000022
5380,4.090691566467285,,0.05308090373829413,0.4255548119544983,2028.9075634000037
5390,4.240771293640137,,0.05293223760550159,0.8407114744186401,2032.948730899996
5400,4.1131439208984375,,0.05278359408542734,2.5067524909973145,2037.1244022000028
5410,4.148887634277344,,0.05263497480361305,0.375397652387619,2041.2198300000018
5420,4.137842655181885,,0.052486381385335394,0.7467929124832153,2045.3094509000075
5430,4.061982154846191,,0.05233781545558821,1.9450489282608032,2049.4334097999963
5440,4.19303035736084,,0.05218927863906467,1.2998543977737427,2053.503119000001
5450,4.062638282775879,,0.052040772560139635,0.6126224398612976,2057.9262899000023
5460,4.26320743560791,,0.05189229884285174,0.9410532116889954,2063.8541446000017
5470,4.1899213790893555,,0.05174385911088584,1.3624809980392456,2070.5165373000054
5480,4.361590385437012,,0.05159545498755498,1.2767696380615234,2077.9872891999985
5490,4.201238632202148,,0.051447088095782946,0.7801893949508667,2084.241146200002
5500,4.179614543914795,4.188753747940064,0.05129876005808628,1.274827241897583,2095.501642300005
5510,4.137279987335205,,0.0511504724965566,0.5542402267456055,2100.7152402000065
5520,4.355233669281006,,0.05100222703284298,1.2488136291503906,2107.892170699997
5530,4.3205671310424805,,0.05085402528813399,0.5592061281204224,2116.4355675999977
5540,4.188136100769043,,0.05070586888314025,0.46876659989356995,2124.3793786000024
5550,4.221435546875,,0.05055775943807639,0.7771202325820923,2132.074207400001
5560,4.206787109375,,0.0504096985726436,0.48460471630096436,2137.649205900001
5570,4.146447658538818,,0.05026168790601183,0.5970114469528198,2143.1924843000015
5580,4.1988959312438965,,0.05011372905680193,0.3199937343597412,2148.4248858000065
5590,4.229846000671387,,0.04996582364306825,0.4627440273761749,2153.6772985999996
5600,4.365374565124512,,0.04981797328228064,0.7115387916564941,2159.1777929999953
5610,4.1007843017578125,,0.04967017959130699,0.35645416378974915,2164.3652486000065
5620,4.264863967895508,,0.04952244418639542,0.8824068903923035,2168.954909699998
5630,4.111153602600098,,0.049374768683156614,0.44966921210289,2173.080201799996
5640,4.186002254486084,,0.049227154696546295,1.715778112411499,2176.980536899995
5650,4.228726387023926,,0.049079603840847294,0.6917672157287598,2180.997921900009
5660,4.150567531585693,,0.048932117729652176,0.6413873434066772,2185.8055366000044
5670,4.120678901672363,,0.048784697975845386,0.6123446822166443,2191.722270099999
5680,4.2106122970581055,,0.04863734619158577,0.7001572847366333,2198.6010430000024
5690,4.158857345581055,,0.048490063988288805,0.44687342643737793,2204.3570140000083
5700,4.090154647827148,,0.04834285297660907,1.342876672744751,2211.2295776999963
5710,4.116981506347656,,0.04819571476642264,0.5648677945137024,2219.1963743000088
5720,4.235377311706543,,0.04804865096680936,0.5282437801361084,2226.4490015000047
5730,4.2378644943237305,,0.04790166318603542,0.6151050925254822,2231.206580099999
5740,4.227239608764648,,0.047754753031535604,1.0066756010055542,2238.702871600006
5750,4.199847221374512,,0.04760792210989587,0.5218026638031006,2245.8590729999996
5760,4.141366481781006,,0.0474611720268356,0.9246531128883362,2251.8449199000024
5770,4.130142688751221,,0.047314504387190225,0.5793492197990417,2258.5126047000085
5780,4.182521343231201,,0.047167920794893556,3.240145683288574,2263.560604099999
5790,4.331201553344727,,0.04702142285296025,1.907547950744629,2269.8290232
5800,4.2957329750061035,,0.04687501216346835,0.30618709325790405,2275.4686331999983
5810,4.077613830566406,,0.04672869032754169,0.48235511779785156,2279.5500409000088
5820,4.177279949188232,,0.04658245894533244,0.6805561184883118,2282.860158399999
5830,4.237452983856201,,0.04643631961600354,0.4725852608680725,2286.530183099996
5840,4.276161193847656,,0.0462902739377113,1.8250676393508911,2290.2785167999973
5850,4.132223129272461,,0.046144323507587855,0.35737261176109314,2293.876206800007
5860,4.128169536590576,,0.045998469921723725,0.4811887741088867,2297.4186763000034
5870,4.219619274139404,,0.04585271477515036,0.8212661147117615,2300.960403799996
5880,4.236811637878418,,0.04570705966182269,0.5783704519271851,2304.526270500006
5890,4.194065570831299,,0.0455615061746017,0.5760111808776855,2308.217427800002
5900,4.045733451843262,,0.045416055905237,0.39881646633148193,2311.5964448000013
5910,4.072107791900635,,0.045270710444349445,0.5557931065559387,2316.700960900009
5920,4.136784553527832,,0.045125471381413686,0.5164529085159302,2324.313354400001
5930,4.12798547744751,,0.044980340304740865,0.47698307037353516,2332.273545300006
5940,4.128237724304199,,0.04483531880146119,0.5537916421890259,2339.3560587999964
5950,4.095837593078613,,0.04469040845750657,0.7795850038528442,2346.6140924000065
5960,4.075985908508301,,0.044545610857593315,0.9078484773635864,2354.496619700003
5970,4.096004486083984,,0.04440092758520478,0.4616643190383911,2359.960988000006
5980,4.094203948974609,,0.04425636022257406,0.5714641809463501,2365.446542500009
5990,4.1074604988098145,,0.04411191035066665,1.728675127029419,2370.0884593000083
6000,4.124298095703125,4.161670255661011,0.04396757954916322,0.6186365485191345,2378.0494241999986
6010,4.194983005523682,,0.0438233693964423,0.4056392014026642,2382.236933399996
6020,4.151890277862549,,0.043679281469563,0.7245553135871887,2387.597213800007
6030,4.143655300140381,,0.043535317344247815,1.5048997402191162,2392.9613314000017
6040,4.068944454193115,,0.04339147859486534,0.5330023169517517,2400.7347316000087
6050,4.0168776512146,,0.043247766794413105,0.47030001878738403,2407.5421627000032
6060,4.029757022857666,,0.04310418351450033,0.42375698685646057,2413.035426500006
6070,4.154980659484863,,0.042960730325330765,0.8661377429962158,2417.914734500009
6080,4.114959716796875,,0.0428174087956855,0.4439604580402374,2423.058832499999
6090,4.18595027923584,,0.042674220492905826,1.1240442991256714,2429.320720200005
6100,4.1632256507873535,,0.042531166982876074,0.743061900138855,2436.1388139000046
6110,4.140718460083008,,0.04238824983000651,0.5245972871780396,2442.7317814999988
6120,4.138629913330078,,0.04224547059721624,3.1921610832214355,2447.4849079999985
6130,4.110713958740234,,0.04210283084591604,0.5214162468910217,2449.4395820000063
6140,4.025470733642578,,0.0419603321359914,1.4211833477020264,2451.4471178000094
6150,4.111607551574707,,0.0418179760257854,1.3042752742767334,2453.4379200999974
6160,4.024000644683838,,0.04167576407208162,0.5259861946105957,2455.4508713999967
6170,4.054192066192627,,0.04153369783008724,1.1219669580459595,2457.5454777999985
6180,4.066971302032471,,0.04139177885341586,0.5737979412078857,2459.6292608000076
6190,4.089476585388184,,0.04125000869407075,0.6184701323509216,2461.6798235000024
6200,4.085113525390625,,0.04110838890242759,0.8910402655601501,2463.6818484999967
6210,4.111617088317871,,0.04096692102721775,1.3872308731079102,2465.6840209000075
6220,4.17323112487793,,0.0408256066155113,0.2596208453178406,2467.682281500005
6230,4.065577507019043,,0.040684447212699926,9.320189476013184,2469.685473000005
6240,4.218081951141357,,0.04054344436248031,0.5703029036521912,2471.7008346000075
6250,4.067460536956787,,0.04040259960683697,0.38627538084983826,2473.7060954000044
6260,4.068078994750977,,0.040261914486025646,0.7490823268890381,2475.7052024000004
6270,4.024441242218018,,0.04012139053855624,0.48104238510131836,2477.705917200001
6280,3.998973846435547,,0.03998102930117613,0.6238493323326111,2479.715365199998
6290,4.077597618103027,,0.03984083230885336,1.3081514835357666,2481.7298486000072
6300,4.155363082885742,,0.03970080109475971,1.151883602142334,2483.7326895000006
6310,4.000788688659668,,0.03956093719025417,0.32667526602745056,2485.743468300003
6320,4.0950927734375,,0.03942124212486594,0.8859604001045227,2487.752525899996
6330,4.0012054443359375,,0.039281717426277916,0.7566372156143188,2489.758496299997
6340,4.05656623840332,,0.03914236462030981,0.5319976210594177,2491.7694197999954
6350,4.027723789215088,,0.03900318523090159,0.40124720335006714,2493.788721600009
6360,4.104142189025879,,0.0388641807800968,0.349712997674942,2495.8056352999993
6370,4.077723503112793,,0.03872535278802578,0.6449865698814392,2497.8172621999984
6380,4.2155375480651855,,0.03858670277288927,1.0305664539337158,2499.8295371999993
6390,4.040012359619141,,0.03844823225094157,0.7557772994041443,2501.8359483999957
6400,4.156850814819336,,0.03830994273647416,0.6571609377861023,2503.861723000009
6410,4.022007465362549,,0.03817183574179899,2.863013505935669,2505.8985719000048
6420,4.130318641662598,,0.03803391277723203,1.0457872152328491,2507.9183570000023
6430,4.151658058166504,,0.037896175351076755,0.8269969820976257,2509.9395328999963
6440,4.224111080169678,,0.03775862496960755,1.3279019594192505,2511.9533045999997
6450,4.039619445800781,,0.03762126313705338,0.3602238893508911,2513.9678468000056
6460,4.050436019897461,,0.0374840913555812,1.3305833339691162,2515.9761800999986
6470,4.084305763244629,,0.03734711112527968,0.39961060881614685,2518.0112995999953
6480,4.009804725646973,,0.037210323944142636,1.7908927202224731,2520.039377199995
6490,4.160081386566162,,0.03707373130805278,1.1405284404754639,2522.0697461999953
6500,3.9895975589752197,4.017421519756317,0.03693733471076531,0.43548285961151123,2525.417501300006
6510,4.131831169128418,,0.03680113564389153,0.8248388767242432,2527.4346449000004
6520,4.037059783935547,,0.036665135596882656,0.8350961804389954,2529.4558146000054
6530,3.985217571258545,,0.03652933605701337,2.4281387329101562,2531.501912000007
6540,3.9037418365478516,,0.03639373850936571,0.6408326029777527,2533.5480427
6550,4.053725242614746,,0.036258344436812716,1.377017855644226,2535.5932486999955
6560,4.045235633850098,,0.036123155320002286,0.42338624596595764,2537.6413709000044
6570,4.080141067504883,,0.03598817263734096,2.1310360431671143,2539.661230400001
6580,4.05604362487793,,0.03585339786497769,1.550079345703125,2541.692060000001
6590,3.9207329750061035,,0.035718832476787823,1.707462191581726,2543.7143719000014
6600,4.1603498458862305,,0.035584477944356846,0.9231902956962585,2545.740295399999
6610,3.935281753540039,,0.035450335736964454,44.05802536010742,2547.7565021000046
6620,4.056756973266602,,0.0353164073215683,0.28393587470054626,2549.7594784999965
6630,3.9845433235168457,,0.03518269416278809,0.66294264793396,2551.800051900005
6640,3.969733715057373,,0.03504919772288951,0.37453246116638184,2553.825499700004
6650,3.9030213356018066,,0.0349159194617682,0.3044043183326721,2555.8689719999966
6660,4.022809028625488,,0.03478286083693394,0.5369331240653992,2557.922708500002
6670,4.144232749938965,,0.034650023303494475,0.6975724101066589,2559.9618903000082
6680,4.048301696777344,,0.034517408314139825,0.5453591346740723,2561.9962737000023
6690,4.010683059692383,,0.034385017319126236,0.5020589232444763,2564.0329536000063
6700,4.130356311798096,,0.03425285176626041,6.726136207580566,2566.050342600007
6710,4.0141448974609375,,0.03412091310088372,0.33051663637161255,2568.0761107
6720,4.084426403045654,,0.03398920276585622,5.757258415222168,2570.1019708000094
6730,4.087319850921631,,0.03385772220154106,0.8471129536628723,2572.1055672000075
6740,4.14124870300293,,0.03372647284578858,0.34646114706993103,2574.1319048000005
6750,4.015625953674316,,0.03359545613392076,2.109386682510376,2576.176768300007
6760,3.9758105278015137,,0.03346467349871534,2.0444955825805664,2578.222675900004
6770,4.133130073547363,,0.03333412637039027,0.598550021648407,2580.2477436000045
6780,4.066086769104004,,0.033203816176588054,2.870023250579834,2582.300827400002
6790,4.039607524871826,,0.03307374434236004,1.5002373456954956,2584.3350874000025
6800,3.9840168952941895,,0.032943912290151034,2.622424364089966,2586.3805594000005
6810,3.9838790893554688,,0.03281432143978351,0.40569567680358887,2588.432758199997
6820,4.061197757720947,,0.032684973208442276,0.9896875023841858,2590.465500899998
6830,4.162924766540527,,0.03255586901065883,0.6561662554740906,2592.4920655000024
6840,3.9939348697662354,,0.03242701025829601,0.49551093578338623,2594.5183229999966
6850,3.967838764190674,,0.03229839836053251,2.9570276737213135,2596.5382008000015
6860,3.9771037101745605,,0.03217003472384742,0.45872193574905396,2598.554071300008
6870,4.0141119956970215,,0.03204192075200491,2.035475015640259,2600.5611986000004
6880,4.083916187286377,,0.03191405784603884,0.8528999090194702,2602.5854908000038
6890,3.947305679321289,,0.031786447404237465,0.30007874965667725,2604.6188817000075
6900,4.08993673324585,,0.031659090822128144,1.960853934288025,2606.657796700005
6910,4.0311479568481445,,0.03153198949246204,1.6170507669448853,2608.710454800006
6920,3.996945381164551,,0.03140514480519896,1.7609484195709229,2610.7469644000084
6930,4.0477614402771,,0.03127855814749204,1.3471132516860962,2612.7747751999996
6940,3.939035415649414,,0.03115223090367271,0.5357826948165894,2614.8071805000072
6950,4.0400004386901855,,0.03102616445523547,0.600838303565979,2616.821418300009
6960,3.9901819229125977,,0.030900360180822817,0.3097453713417053,2618.843848400007
6970,4.101999282836914,,0.0307748194562101,0.49408912658691406,2620.849637300009
6980,3.935049295425415,,0.030649543654290595,0.32297101616859436,2622.855426000009
6990,3.9586005210876465,,0.0305245341450604,0.21491993963718414,2624.897582599995
7000,3.8383116722106934,3.99010546207428,0.030399792295603474,0.38671594858169556,2628.245822900004
7010,3.9999196529388428,,0.030275319470076723,1.0599030256271362,2630.2634839999955
7020,3.8861870765686035,,0.030151117029694988,1.3030366897583008,2632.294741500009
7030,4.000555992126465,,0.03002718633271627,0.6442458629608154,2634.3288007000083
7040,4.045810222625732,,0.029903528734426817,0.6323422193527222,2636.3544128000067
7050,4.074301719665527,,0.02978014558712632,0.5320975184440613,2638.399578700002
7060,4.061069965362549,,0.02965703824011312,15.190868377685547,2640.4562955
7070,3.9478111267089844,,0.029534208039669406,2.0794355869293213,2642.5055858999986
7080,4.066352844238281,,0.029411656329046583,0.4678601920604706,2644.546043299997
7090,4.149083614349365,,0.029289384448450542,0.7059774398803711,2646.5793472000078
7100,3.972731351852417,,0.029167393735026977,0.4918612241744995,2648.6063762999984
7110,4.206806182861328,,0.02904568552284676,0.6260237693786621,2650.6201203999954
7120,3.9995386600494385,,0.02892426114289142,0.6101692318916321,2652.645563099999
7130,3.9743285179138184,,0.02880312192303852,1.5456109046936035,2654.6549568000046
7140,4.017668724060059,,0.02868226918804715,0.7743234634399414,2656.6662546000007
7150,3.9080851078033447,,0.02856170425954349,0.9653936624526978,2658.688634200007
7160,3.9366769790649414,,0.028441428456006244,4.067811012268066,2660.7281885999982
7170,3.974024772644043,,0.028321443092752335,0.4585552513599396,2662.777536399997
7180,4.001326560974121,,0.028201749481922493,0.9122999310493469,2664.8230593000044
7190,3.8723697662353516,,0.028082348932466847,1.000640869140625,2666.870697999999
7200,3.9390766620635986,,0.0279632427501307,0.36933472752571106,2668.911275899998
7210,4.110379219055176,,0.02784443223744016,0.5486040115356445,2670.9395443999965
7220,4.036943435668945,,0.027725918693687963,0.3421441912651062,2672.953594599996
7230,3.8022360801696777,,0.027607703414919235,0.5305176377296448,2674.9817416000005
7240,4.134068489074707,,0.027489787693917342,1.3939738273620605,2677.0059308000054
7250,3.992469549179077,,0.027372172820189687,1.5593620538711548,2679.0097359000065
7260,3.8917195796966553,,0.027254860079953702,0.3709840178489685,2681.035596600006
7270,3.9399335384368896,,0.027137850756122725,6.812895774841309,2683.0790521000017
7280,3.9899096488952637,,0.027021146128291963,0.3135528862476349,2685.1029564000055
7290,3.9707772731781006,,0.026904747472724547,0.36932191252708435,2687.145520300008
7300,3.9356772899627686,,0.026788656062337497,0.30841633677482605,2689.191031299997
7310,3.934723138809204,,0.026672873166687913,1.5835293531417847,2691.241086299997
7320,3.875401258468628,,0.026557400051958932,0.16666492819786072,2693.279548400009
7330,3.985722541809082,,0.026442237980946096,0.44423139095306396,2695.2538291999954
7340,3.983468532562256,,0.026327388213043354,0.772127091884613,2697.216047000009
7350,3.9066123962402344,,0.02621285200422934,0.3532699644565582,2699.2016580000054
7360,3.973536968231201,,0.026098630607053704,0.589160144329071,2701.171930700002
7370,3.8797616958618164,,0.025984725270623336,0.3677756190299988,2703.1371258
7380,3.8644180297851562,,0.025871137240588767,0.31192073225975037,2705.107568499996
7390,4.003906726837158,,0.025757867759130464,1.021966576576233,2707.0741526000056
7400,3.917479991912842,,0.025644918064945343,9.149860382080078,2709.040889900003
7410,3.9224987030029297,,0.025532289393233168,7.035823822021484,2711.0152918000094
7420,3.879568576812744,,0.025419982975683035,1.216888427734375,2712.9781922999973
7430,4.010163307189941,,0.025308000040459966,0.5646682381629944,2714.949133300004
7440,3.8626551628112793,,0.025196341812191353,0.2733248472213745,2716.919524900004
7450,3.8504035472869873,,0.025085009511953735,1.2167611122131348,2718.8813990000053
7460,4.0762104988098145,,0.024974004357259258,0.2903278172016144,2720.8615575000003
7470,3.9578375816345215,,0.02486332756204257,0.398698091506958,2722.817642599999
7480,4.015054702758789,,0.024752980336647322,0.9402651786804199,2724.792595699997
7490,4.094827175140381,,0.02464296388781312,1.8960322141647339,2726.7655352
7500,4.0000901222229,3.9656545996665953,0.024533279418662225,0.5116409063339233,2730.000005000009
7510,4.011843681335449,,0.02442392812868637,0.3645322620868683,2732.1644046
7520,3.956066846847534,,0.024314911213733817,0.30357396602630615,2734.131225799996
7530,4.0150370597839355,,0.02420622986599603,2.0310592651367188,2736.1035091000085
7540,4.035872459411621,,0.024097885273994844,0.43515580892562866,2738.071962400005
7550,3.9552273750305176,,0.02398987862256933,0.34741881489753723,2740.033991400007
7560,3.8883626461029053,,0.023882211092862926,0.6500575542449951,2742.0113895999966
7570,3.970709800720215,,0.023774883862310525,0.5781147480010986,2743.9819988999952
7580,3.8404910564422607,,0.023667898104625492,0.799103856086731,2745.9409334000084
7590,3.9148502349853516,,0.02356125498978695,0.8190338611602783,2747.9142510000092
7600,3.9750213623046875,,0.02345495568402689,0.37642282247543335,2749.8738054999994
7610,3.969399929046631,,0.02334900134981751,0.34382209181785583,2751.8459213000024
7620,3.987330675125122,,0.02324339314585843,0.4560821056365967,2753.8177204000094
7630,3.953192710876465,,0.023138132227064054,0.34107130765914917,2755.785000600008
7640,3.9744362831115723,,0.02303321974455093,34.96989440917969,2757.7575248000066
7650,4.000070571899414,,0.02292865684562513,0.8216256499290466,2759.7173182999977
7660,4.048583030700684,,0.02282444467376979,0.3743759095668793,2761.6882277999975
7670,3.96408748626709,,0.022720584368632515,0.405475378036499,2763.655398700008
7680,4.084895133972168,,0.022617077066012976,0.2964732348918915,2765.6190532000037
7690,3.985687255859375,,0.02251392389785043,0.9543201923370361,2767.590640399998
7700,3.8787519931793213,,0.022411125992211407,60.758384704589844,2769.556382099996
7710,3.971975803375244,,0.02230868447327733,0.3162440061569214,2771.526851100003
7720,4.100069046020508,,0.02220660046133225,1.0092002153396606,2773.5000703999976
7730,3.9084460735321045,,0.022104875072750566,0.8628674745559692,2775.4585556999955
7740,3.982999324798584,,0.02200350941998481,0.7066197991371155,2777.4381175000017
7750,3.995105743408203,,0.021902504611553526,0.2961125075817108,2779.3981034000026
7760,3.8185222148895264,,0.021801861752029132,5.062104225158691,2781.3657302000065
7770,3.957000732421875,,0.021701581942025795,0.6877315044403076,2783.329903200007
7780,3.8703322410583496,,0.021601666278187485,1.082351803779602,2785.277513000008
7790,3.9670286178588867,,0.02150211585317585,0.4845705032348633,2787.241186500003
7800,3.903210163116455,,0.02140293175565841,1.411888599395752,2789.1954168000084
7810,3.836437225341797,,0.021304115070296573,0.4048308730125427,2791.162849200002
7820,3.962728500366211,,0.021205666877733773,0.3558315932750702,2793.1221136000095
7830,3.9879817962646484,,0.021107588254583653,0.27677345275878906,2795.079769899996
7840,4.006764888763428,,0.021009880273418345,0.6685704588890076,2797.051495599997
7850,3.870511531829834,,0.02091254400275666,0.2794961929321289,2799.0135472999973
7860,3.875901222229004,,0.02081558050705247,0.37051233649253845,2800.9905950999964
7870,3.9328958988189697,,0.020718990846683043,1.2879503965377808,2802.959126200003
7880,3.9894373416900635,,0.0206227760779374,1.1938872337341309,2804.9204526999965
7890,3.94477915763855,,0.02052693725300485,0.609695553779602,2806.8960207000055
7900,3.8788962364196777,,0.020431475419963423,3.136559009552002,2808.8574831000005
7910,3.935725688934326,,0.020336391622768436,0.28446346521377563,2810.826642
7920,3.815349817276001,,0.020241686901241077,3.1935970783233643,2812.7992846999987
7930,3.869159698486328,,0.020147362291056986,7.5372395515441895,2814.7656425000023
7940,3.847491979598999,,0.020053418823734986,0.8211485743522644,2816.7321392000013
7950,3.91884446144104,,0.019959857526625796,4.5494232177734375,2818.7003685999953
7960,3.8138203620910645,,0.019866679422900775,0.9768204092979431,2820.6709966000053
7970,3.8466484546661377,,0.019773885531540723,1.3730096817016602,2822.643932799998
7980,4.003849506378174,,0.01968147686732477,0.3435850143432617,2824.6071450000018
7990,3.9455995559692383,,0.01958945444081927,2.908475399017334,2826.5784742999967
8000,3.8444981575012207,3.888489639759064,0.019497819258366737,0.7974582314491272,2829.8222982000007
8010,3.8386669158935547,,0.019406572322074853,0.3749539852142334,2831.790300499997
8020,4.003120422363281,,0.01931571462980547,0.5786131024360657,2833.7617830999952
8030,3.8487913608551025,,0.019225247175163773,0.5006438493728638,2835.7299797000014
8040,3.8566598892211914,,0.01913517094748734,0.7672200798988342,2837.695818200009
8050,3.841562271118164,,0.019045486931835373,0.4413623511791229,2839.6629739000055
8060,3.9280431270599365,,0.01895619610897791,0.4255904257297516,2841.635717099998
8070,3.8848581314086914,,0.01886729945538506,0.518183708190918,2843.6019062999985
8080,3.863593816757202,,0.018778797943216394,309.60955810546875,2845.5723842000007
8090,3.8455920219421387,,0.018690692540310277,0.678215742111206,2847.5295658999967
8100,4.029400825500488,,0.018602984210173278,1.8974263668060303,2849.503285700004
8110,3.9041144847869873,,0.018515673911969628,0.9371817111968994,2851.4671463999985
8120,3.9974992275238037,,0.018428762600510774,2.6248388290405273,2853.440636900006
8130,3.893953800201416,,0.018342251226244895,0.677921712398529,2855.4096202000073
8140,3.911275625228882,,0.018256140735246503,1.1891968250274658,2857.372977799998
8150,3.9464242458343506,,0.018170432069206165,0.2651323676109314,2859.346536600002
8160,3.8268604278564453,,0.018085126165420087,0.5705030560493469,2861.309857
8170,3.9070796966552734,,0.018000223956779984,0.23677484691143036,2863.2766896999965
8180,3.80412220954895,,0.017915726371762784,0.3387545943260193,2865.251702499998
8190,3.868858814239502,,0.017831634334420567,0.7625793218612671,2867.2102431999956
8200,3.785905122756958,,0.017747948764370382,0.653694212436676,2869.1806335
8210,3.976856231689453,,0.01766467057678419,3.735399007797241,2871.153158400004
8220,3.849278211593628,,0.017581800682378933,0.2936752140522003,2873.1247994000005
8230,3.8005545139312744,,0.017499339987406465,0.9532178640365601,2875.089476299996
8240,4.034452438354492,,0.017417289393643783,0.5104076862335205,2877.0544839000067
8250,3.9299843311309814,,0.017335649798383,0.6463388800621033,2879.0298174000054
8260,3.91864275932312,,0.017254422094421656,0.3573189973831177,2881.0021437999967
8270,3.8531272411346436,,0.01717360717005292,0.6964881420135498,2882.962000300002
8280,3.8682234287261963,,0.01709320590905583,0.5440619587898254,2884.931809200003
8290,3.875300884246826,,0.017013219190685738,0.245829775929451,2886.900728599998
8300,3.72041654586792,,0.01693364788966454,0.4993833601474762,2888.8672394000023
8310,3.748997449874878,,0.016854492876171266,0.3845621943473816,2890.8398422000027
8320,3.861642837524414,,0.016775755015832436,0.33454543352127075,2892.799504800001
8330,3.8128774166107178,,0.016697435169712675,0.4452895224094391,2894.774329599997
8340,3.8318734169006348,,0.01661953419430531,1.6299926042556763,2896.7415085999965
8350,3.7931602001190186,,0.016542052941522882,0.39097103476524353,2898.7037445000024
8360,3.8183798789978027,,0.016464992258687996,4.641302585601807,2900.6822553999955
8370,3.906622886657715,,0.016388352988523903,5.1337432861328125,2902.640693399997
8380,3.8061232566833496,,0.016312135969145398,0.33769452571868896,2904.6112068000075
8390,3.972536087036133,,0.016236342034049583,3.6469593048095703,2906.5819168000016
8400,3.9349918365478516,,0.016160972012106804,0.2925860583782196,2908.5483167000057
8410,3.8793842792510986,,0.016086026727551547,0.6790098547935486,2910.516749000002
8420,3.8415145874023438,,0.016011506999973415,0.2845865786075592,2912.4861335000023
8430,3.8219027519226074,,0.015937413644308222,0.34570249915122986,2914.454079700008
8440,4.0269269943237305,,0.01586374747082904,0.3523954451084137,2916.4279274
8450,3.827467918395996,,0.01579050928513734,0.47895547747612,2918.386750400008
8460,3.8433072566986084,,0.01571769988815417,0.5046281218528748,2920.3599869000027
8470,3.861131429672241,,0.015645320076111448,0.24429869651794434,2922.318998600007
8480,3.91509747505188,,0.015573370640543198,0.5530164241790771,2924.2912161999993
8490,3.9996578693389893,,0.015501852368276912,1.3646509647369385,2926.263035199998
8500,3.8484935760498047,3.8813276290893555,0.015430766041424977,0.6142348647117615,2929.5037631000014
8510,3.8172507286071777,,0.015360112437376047,0.28901514410972595,2931.4760861999966
8520,3.893796920776367,,0.01528989232878664,0.22388020157814026,2933.451644200002
8530,3.8345611095428467,,0.015220106483572596,0.4019935727119446,2935.4135228000086
8540,3.768888473510742,,0.015150755664900751,2.20046067237854,2937.3856588000053
8550,3.8679380416870117,,0.015081840631180544,0.565526008605957,2939.3570790000085
8560,3.8843908309936523,,0.015013362136055731,1.6611984968185425,2941.3221760000015
8570,3.7950682640075684,,0.014945320928396176,0.7900430560112,2943.2887121999956
8580,3.8197104930877686,,0.01487771775228962,0.4855107367038727,2945.2537286000006
8590,3.9112861156463623,,0.014810553347033576,0.7843582034111023,2947.2256149000023
8600,3.8072409629821777,,0.014743828447127202,62.817562103271484,2949.201530999999
8610,3.8143415451049805,,0.014677543782263323,1.484117031097412,2951.1613510000025
8620,3.9082894325256348,,0.014611700077320407,1.362981915473938,2953.127479700008
8630,3.856441020965576,,0.014546298052354674,4.484610080718994,2955.103370099998
8640,3.8181869983673096,,0.01448133842259219,0.5525208115577698,2957.0659349000052
8650,3.9270401000976562,,0.01441682189842104,1.986236333847046,2959.043855099997
8660,3.844888925552368,,0.014352749185383616,1.0583754777908325,2961.0032954000053
8670,3.6916112899780273,,0.014289120984168836,1.424372911453247,2962.976792200003
8680,3.8806395530700684,,0.01422593799060451,0.6118848919868469,2964.9450672999956
8690,3.8069746494293213,,0.014163200895649741,3.200596809387207,2966.905360100005
8700,3.7778701782226562,,0.014100910385387343,0.45783722400665283,2968.884565100001
8710,3.7371270656585693,,0.014039067141016354,1.0236011743545532,2970.849874499996
8720,3.9091272354125977,,0.013977671838844588,0.32276651263237,2972.8132978000067
8730,3.7592759132385254,,0.013916725150281244,0.35941702127456665,2974.7920240000094
8740,3.7618088722229004,,0.013856227741829522,1.6037570238113403,2976.746132500004
8750,3.8323264122009277,,0.013796180275079404,0.7738400101661682,2978.7183439000073
8760,3.8718059062957764,,0.013736583406700361,0.512911856174469,2980.6873602999985
8770,3.7918059825897217,,0.013677437788434197,0.9868841171264648,2982.6557848000084
8780,3.768380641937256,,0.013618744067087931,0.3537745177745819,2984.6296732000046
8790,3.8808751106262207,,0.013560502884526673,1.1566766500473022,2986.5910023000033
8800,3.8467955589294434,,0.01350271487766668,1.1140176057815552,2988.563043800008
8810,3.811603546142578,,0.013445380678468326,1.0740262269973755,2990.5403475000057
8820,3.805875778198242,,0.013388500913929235,0.9572827816009521,2992.512990999996
8830,3.7855143547058105,,0.013332076206077405,0.6809611320495605,2994.497073499995
8840,3.7889351844787598,,0.013276107171964388,0.4399718642234802,2996.4627615000063
8850,3.726844072341919,,0.013220594423658583,0.6375976800918579,2998.432230899998
8860,3.715731143951416,,0.013165538568238502,0.6880460977554321,3000.4061071000033
8870,3.7114105224609375,,0.013110940207786177,0.20964670181274414,3002.3644086999993
8880,3.829988718032837,,0.013056799939380508,1.0902823209762573,3004.338217700002
8890,3.8088347911834717,,0.013003118355090812,0.39653876423835754,3006.3052097000036
8900,3.8275704383850098,,0.012949896041970287,0.9895026683807373,3008.269003399997
8910,3.923172950744629,,0.012897133582049622,1.3971173763275146,3010.2433353000088
8920,3.790567636489868,,0.01284483155233064,0.2889600098133087,3012.2022455999977
8930,3.724512815475464,,0.012792990524779934,0.474410742521286,3014.181196999998
8940,3.853630304336548,,0.012741611066322699,0.3826552927494049,3016.1497232999973
8950,3.8361921310424805,,0.01269069373883644,1.350830078125,3018.108714700007
8960,3.7754364013671875,,0.012640239099144902,1.213091492652893,3020.0818015999976
8970,3.9115328788757324,,0.012590247699011953,0.5531148314476013,3022.041048400002
8980,3.92181658744812,,0.012540720085135518,0.47006797790527344,3024.0160000000033
8990,3.8198494911193848,,0.012491656799141661,3.9359045028686523,3025.971768100004
9000,3.700728416442871,3.7761388301849363,0.012443058377578593,0.2671996057033539,3029.2010606999975
9010,3.834852933883667,,0.012394925351910903,0.3290270268917084,3031.168370200001
9020,3.838224172592163,,0.012347258248513618,0.29830092191696167,3033.1357554999995
9030,3.749436855316162,,0.012300057588666551,0.7941288948059082,3035.104792600003
9040,3.7336795330047607,,0.012253323888548568,0.5990521907806396,3037.0725994999957
9050,3.8042855262756348,,0.012207057659231905,0.3876803517341614,3039.0346022000012
9060,3.7016587257385254,,0.012161259406676653,3.273348569869995,3041.0112966000015
9070,3.739269733428955,,0.012115929631725156,0.312244176864624,3042.9689082999976
9080,3.8272037506103516,,0.012071068830096572,0.4254230856895447,3044.9416139000095
9090,3.7553348541259766,,0.012026677492381434,0.3493977189064026,3046.908707499999
9100,3.7456533908843994,,0.011982756104036306,0.2501488924026489,3048.8693312999967
9110,3.6910438537597656,,0.011939305145378453,4.377829074859619,3050.8524218000093
9120,3.7679309844970703,,0.011896325091580602,1.4578282833099365,3052.8205390000076
9130,3.7601728439331055,,0.011853816412665726,0.2410706728696823,3054.7857285000064
9140,3.6489529609680176,,0.011811779573501926,1.1651220321655273,3056.7506170999986
9150,3.8126049041748047,,0.011770215033797354,0.3684099316596985,3058.7140715999994
9160,3.7531630992889404,,0.011729123248095146,0.6258586049079895,3060.691372100002
9170,3.842682123184204,,0.011688504665768493,0.8405777812004089,3062.6538737000083
9180,3.8233203887939453,,0.011648359731015696,0.9775987863540649,3064.623543599999
9190,3.6675047874450684,,0.011608688882855328,0.4108678102493286,3066.5865779000014
9200,3.7202439308166504,,0.011569492555121443,0.48207658529281616,3068.549511899997
9210,3.6873555183410645,,0.011530771176458787,1.2231321334838867,3070.5085659000033
9220,3.880523681640625,,0.011492525170318171,0.35626059770584106,3072.4776127000077
9230,3.7540621757507324,,0.011454754954951768,2.3737144470214844,3074.4379929999996
9240,3.873718738555908,,0.011417460943408612,1.1953083276748657,3076.408252100009
9250,3.8206300735473633,,0.01138064354353004,1.5902681350708008,3078.3790875999985
9260,3.85316801071167,,0.01134430315794524,2.2072694301605225,3080.343599400003
9270,3.773686408996582,,0.011308440184066843,0.6383635401725769,3082.3129347000067
9280,3.6643905639648438,,0.011273055014086583,2.4990150928497314,3084.275837399997
9290,3.762817859649658,,0.011238148034971014,0.24815139174461365,3086.2458868999965
9300,3.609403133392334,,0.011203719628457266,997.3834838867188,3088.215417200001
9310,3.72110915184021,,0.011169770171048886,0.3521218001842499,3090.1811224999983
9320,3.740525722503662,,0.011136300034011684,1.1664502620697021,3092.150615400009
9330,3.7466580867767334,,0.011103309583369723,0.3458937406539917,3094.1143572
9340,3.736161708831787,,0.011070799179901282,0.9858884811401367,3096.088012200009
9350,3.6934797763824463,,0.011038769179134936,7.079859733581543,3098.0543864000065
9360,3.688805341720581,,0.011007219931345638,2.6731393337249756,3100.0220815000066
9370,3.791473865509033,,0.010976151781550902,2.1847150325775146,3101.9908130999975
9380,3.7350761890411377,,0.010945565069507031,0.36197566986083984,3103.9514869999985
9390,3.694581985473633,,0.010915460129705422,0.36318644881248474,3105.930317400009
9400,3.7181429862976074,,0.010885837291368865,0.39574652910232544,3107.898679799997
9410,3.7990787029266357,,0.010856696878447985,11.788543701171875,3109.858255900006
9420,3.7848966121673584,,0.010828039209617652,0.7137708067893982,3111.836465100001
9430,3.785825729370117,,0.010799864598273545,0.6080697774887085,3113.795664999998
9440,3.717916965484619,,0.010772173352528709,2.573660135269165,3115.766161499996
9450,3.7648863792419434,,0.010744965775210167,0.6750547885894775,3117.736797400008
9460,3.6272311210632324,,0.010718242163855621,1.6728801727294922,3119.7020484999957
9470,3.7515883445739746,,0.010692002810710206,0.9289193749427795,3121.667252500003
9480,3.766752243041992,,0.010666248002723285,0.8063126802444458,3123.631994399999
9490,3.689347505569458,,0.010640978021545306,0.692584216594696,3125.6136488000047
9500,3.7356045246124268,3.7599992632865904,0.010616193143524747,0.6843202710151672,3128.8619647000014
9510,3.7204227447509766,,0.010591893639705056,0.2730383276939392,3130.8259361999953
9520,3.6981611251831055,,0.010568079775821713,0.8655672073364258,3132.7924480000074
9530,3.8552660942077637,,0.010544751812299313,0.7006475925445557,3134.7622412000055
9540,3.62579345703125,,0.010521910004248736,0.7322672009468079,3136.7228300999996
9550,3.904987096786499,,0.010499554601464334,0.6634131073951721,3138.699491399995
9560,3.6919498443603516,,0.010477685848421214,5.117208480834961,3140.6730355000036
9570,3.7534828186035156,,0.010456303984272539,0.39351049065589905,3142.632753099999
9580,3.7800683975219727,,0.010435409242846968,0.5467004776000977,3144.6054958000022
9590,3.7473018169403076,,0.010415001852646037,5.656778335571289,3146.5664266000094
9600,3.741145610809326,,0.0103950820368417,0.49204155802726746,3148.539830499998
9610,3.678692579269409,,0.010375650013273865,3.5728707313537598,3150.515664400009
9620,3.7554945945739746,,0.010356705994448032,0.6603949666023254,3152.4739876000094
9630,3.780184507369995,,0.010338250187532956,7.093230247497559,3154.4444355000014
9640,3.8473713397979736,,0.010320282794358388,9.441048622131348,3156.407856799997
9650,3.668869972229004,,0.010302804011412852,0.30752670764923096,3158.380774300007
9660,3.5768325328826904,,0.010285814029841528,0.8032127618789673,3160.3537918000075
9670,3.6691269874572754,,0.01026931303544412,0.38591834902763367,3162.3197027999995
9680,3.714449405670166,,0.010253301208672874,0.40839526057243347,3164.2912654999964
9690,3.7325501441955566,,0.010237778724630553,0.8281981945037842,3166.2581111000036
9700,3.705080509185791,,0.010222745753068559,0.2587655186653137,3168.2162222000043
9710,3.70559024810791,,0.010208202458385055,0.3806510269641876,3170.1988039999997
9720,3.75749135017395,,0.010194148999623186,0.4151616096496582,3172.1570874000026
9730,3.6655759811401367,,0.01018058553046933,0.4417632818222046,3174.1328512000036
9740,3.7691078186035156,,0.010167512199251407,6.425736904144287,3176.111103400006
9750,3.6236038208007812,,0.01015492914893727,1.1111884117126465,3178.0637006000034
9760,3.7552919387817383,,0.010142836517133144,0.6115149259567261,3180.0347373999975
9770,3.668156147003174,,0.010131234436082116,1.6307376623153687,3181.997040000002
9780,3.7942442893981934,,0.010120123032662685,1.4085009098052979,3183.970219099996
9790,3.639521598815918,,0.010109502428387374,0.4900622069835663,3185.9484018000076
9800,3.724526882171631,,0.010099372739401414,3.3418784141540527,3187.9054590000014
9810,3.7082958221435547,,0.01008973407648146,0.9779545068740845,3189.8747822000005
9820,3.7126426696777344,,0.010080586545034381,1.0232818126678467,3191.840534700008
9830,3.7809109687805176,,0.010071930245096124,1.1266212463378906,3193.8137706999987
9840,3.738631010055542,,0.010063765271330594,6.967062473297119,3195.7854817000043
9850,3.655033588409424,,0.010056091713028629,0.5272231698036194,3197.747260999997
9860,3.7278904914855957,,0.010048909654107045,0.750382661819458,3199.7175949000084
9870,3.6608078479766846,,0.010042219173107679,0.4073128402233124,3201.6921328000026
9880,3.7836544513702393,,0.010036020343196563,0.37684857845306396,3203.6460202000017
9890,3.850971221923828,,0.010030313232163109,0.4678118824958801,3205.622131199998
9900,3.667083263397217,,0.01002509790241937,0.33683812618255615,3207.5851460999984
9910,3.7277657985687256,,0.010020374410999351,0.4013546109199524,3209.553283100002
9920,3.671180009841919,,0.010016142809558398,9.476237297058105,3211.527164400002
9930,3.7225794792175293,,0.010012403144372633,0.9525322914123535,3213.4853898
9940,3.7615303993225098,,0.010009155456338426,0.564083993434906,3215.4664247000037
9950,3.7199692726135254,,0.01000639978097198,0.5192695260047913,3217.4239393000025
9960,3.9558253288269043,,0.010004136148408919,0.29485610127449036,3219.395107400007
9970,3.6554055213928223,,0.010002364583403965,0.5848520994186401,3221.3689895999996
9980,3.6794819831848145,,0.010001085105330664,0.7005516886711121,3223.3321451000083
9990,3.7497029304504395,,0.010000297728181189,2.969129800796509,3225.3023125000036
10000,3.6804940700531006,3.7185821413993834,0.010000002460566171,0.6487271189689636,3228.5512246
